File_Name,Sample_Rate,Duration_s,Avg_F0_Hz,Avg_ZCR_per_s,Avg_Energy,Voiced_Frame_Ratio,Gender,Age,Predicted
G01_D01_C_11_Angry_C3.wav,44100,3.185668934240363,259.2716884877981,838.6412057129332,0.0246457599037184,0.6363636363636364,Child,11,Child
G01_D01_C_11_Neutral_C1.wav,44100,3.642993197278912,252.4792759098583,1044.671304698528,0.0101098306661535,0.5586206896551724,Child,11,Female
G01_D01_C_11_Sad_C4.wav,44100,4.211927437641723,223.78011771339132,1353.2574003379436,0.0123349972595996,0.5178571428571429,Child,11,Female
G01_D01_C_11_Surprised_C5.wav,44100,4.200566893424036,299.52809952239414,1640.3272459165155,0.0165616664229804,0.573134328358209,Child,11,Child
G01_D02_M_18_Happy_C2.wav,44100,3.109501133786848,229.09361764394663,746.1278536631961,0.0055069590804228,0.6153846153846154,Male,18,Female
G01_D02_M_18_Neutral_C1.wav,44100,3.4218367346938776,119.3387742465836,1027.298193008759,0.0018163029210672,0.5919117647058824,Male,18,Male
G01_D02_M_18_Sad_C4.wav,44100,3.6596371882086167,154.08170058518374,632.1992799976199,0.0025327758446069,0.6288659793814433,Male,18,Male
G01_D03_F_23_Angry_C3.wav,44100,3.5918367346938775,264.59216445056484,1337.2329608816392,0.0205308013570938,0.5804195804195804,Female,23,Child
G01_D04_M_20_Angry_C3.wav,44100,3.132562358276644,113.69804136413804,624.5332350272232,0.0225399571246114,0.642570281124498,Male,20,Male
G01_D04_M_20_Neutral_C1.wav,44100,3.7349886621315194,119.99435885456896,809.2306343837652,0.0197068930958053,0.5925925925925926,Male,20,Male
G01_D04_M_20_Sad_C4.wav,44100,3.449092970521542,133.53263585599285,838.6303312159711,0.0159475973670365,0.5818181818181818,Male,20,Male
G01_D05_F_20_Happy_C2.wav,44100,3.509410430839002,290.61021388501837,1949.711038335581,0.0141316342021921,0.6415770609318996,Female,20,Child
G01_D05_F_20_Sad_C4.wav,44100,3.5569160997732427,235.60672707701863,1167.3218504948122,0.0101024662282624,0.5618374558303887,Female,20,Female
G01_D06_F_29_Angry_C3.wav,44100,3.796417233560091,320.79571133155804,1280.3571971732451,0.0162822061350396,0.5927152317880795,Female,29,Child
G01_D06_F_29_Happy_C2.wav,44100,4.260975056689342,307.71016748651493,1237.1487429146491,0.0112100040347347,0.6205882352941177,Female,29,Child
G01_D06_F_29_Sad_C4.wav,44100,3.818503401360544,242.90573695870256,1019.0785193302058,0.0024588029213763,0.5230263157894737,Female,29,Female
G01_D07_F_25_Neutral_C1.wav,44100,3.696553287981859,289.2382451081393,1075.2417363363184,0.0052042635691173,0.6224489795918368,Female,25,Child
G01_D07_F_25_Sad_C4.wav,44100,4.666054421768708,273.7132361335605,1027.928867459436,0.0041278059035384,0.5403225806451613,Female,25,Child
G01_D07_F_25_Surprised_C5.wav,44100,4.328843537414966,285.4596114381687,2960.249620659903,0.0124120696905179,0.5304347826086957,Female,25,Child
G01_D08_C_14_Happy_C2.wav,44100,3.484625850340136,172.9808500775463,935.4531435225496,0.0407293723575312,0.6245487364620939,Child,14,Female
G01_D08_C_14_Neutral_C1.wav,44100,3.5815419501133787,155.86836088620777,1099.1191563927655,0.029651492143385,0.6105263157894737,Child,14,Male
G01_D08_C_14_Surprised_C5.wav,44100,4.269115646258504,161.34419188531623,1568.3401313450709,0.0248850338421811,0.5705882352941176,Child,14,Male
G03_D01_C_10_Shocked_C5.wav,44100,4.785555555555556,278.13869622262234,3036.424682395644,0.0155457212868087,0.5497382198952879,Child,10,Child
G03_D01_C_10_Happy_C2.wav,44100,4.164557823129251,295.39127418525294,2199.546749668526,0.0426322193518278,0.5813253012048193,Child,10,Child
G03_D01_C_10_Sad_C4.wav,44100,3.936190476190476,297.7202041880956,1946.0759442901408,0.0199299983188603,0.5764331210191083,Child,10,Child
G03_D02_F_45_Furious_C3.wav,44100,4.821337868480725,279.11282478771625,4033.908644947979,0.0075306507437198,0.5260416666666666,Female,45,Child
G03_D02_F_45_Happy_C2.wav,48000,2.688,262.36247614243734,1756.8,0.0068140979631741,0.5841121495327103,Female,45,Child
G03_D02_F_45_Sad_C4.wav,44100,2.901337868480726,250.40632727740444,1266.2885662431945,0.0021455594262898,0.5454545454545454,Female,45,Female
G03_D03_M_50_Furious_C3.wav,44100,2.7306802721088435,155.26293630265883,1061.3663010134433,0.0143191814030112,0.5207373271889401,Male,50,Male
G03_D03_M_50_Happy_C2.wav,44100,2.8373469387755104,175.21695364096306,667.1682422732074,0.01880881307194,0.5929203539823009,Male,50,Female
G03_D03_M_50_Neutral_C1.wav,44100,4.565351473922902,135.07154333081945,1619.1433963042402,0.0029871842596969,0.4835164835164835,Male,50,Male
G03_D04_M_23_Furious_C3.wav,48000,4.537833333333333,122.20304336846036,803.0769230769231,0.0033087297488386,0.574585635359116,Male,23,Male
G03_D04_M_23_Happy_C2.wav,48000,4.357833333333334,131.96644285394666,852.6732673267327,0.0020820987010651,0.5821325648414986,Male,23,Male
G03_D04_M_23_Sad_C4.wav,48000,4.517833333333333,123.61332548775567,631.044776119403,0.0015811158885953,0.5583333333333333,Male,23,Male
G03_D05_F_22_Furious_C3.wav,48000,3.1573333333333333,253.44220854874337,2650.5982905982905,0.0197287951155096,0.4661354581673306,Female,22,Female
G03_D05_F_22_Neutral_C1.wav,48000,3.498666666666667,247.60792977888175,1521.8320610687024,0.0079846775791733,0.4712230215827338,Female,22,Female
G03_D05_F_22_Sad_C4.wav,48000,4.352,236.82678675543332,3225.8959537572255,0.0102913085699798,0.4985590778097982,Female,22,Female
G03_D06_C_11_Furious_C3.wav,44100,4.305646258503401,276.0945541652804,2230.4642847468645,0.022646193726023,0.5860058309037901,Child,11,Child
G03_D06_C_11_Shocked_C5.wav,44100,4.663900226757369,314.5216431209361,3208.4294290101916,0.033821557424562,0.5241935483870968,Child,11,Child
G03_D06_C_11_Happy_C2.wav,44100,4.245419501133787,313.1145536531481,2550.088541574895,0.0229837754977452,0.6094674556213018,Child,11,Child
G04_D01_M_20_Neutral_C1.wav,44100,3.947392290249433,129.42001277908153,1680.3022717316478,0.0005862542007526,0.554140127388535,Male,20,Male
G04_D01_M_20_Happy_C2.wav,44100,4.33984126984127,135.0778398382338,1152.913106989509,0.0002468920055616,0.5924855491329479,Male,20,Male
G04_D01_M_20_Furious_C3.wav,44100,4.121541950113379,170.01971699344548,1847.165400350672,0.0012011279418749,0.5396341463414634,Male,20,Female
G04_D02_M_21_Neutral_C1.wav,44100,5.712108843537415,175.71153413443517,1546.6123426673626,0.010969223831354,0.5416666666666666,Male,21,Female
G04_D02_M_21_Happy_C2.wav,44100,4.702040816326531,167.56773813129402,1324.2720744890714,0.007652380609203,0.552,Male,21,Male
G04_D02_M_21_Furious_C3.wav,44100,4.179591836734694,189.161797075034,1442.278460021926,0.0060433999536001,0.5915915915915916,Male,21,Female
G04_D03_F_21_Sad_C4.wav,48000,7.457833333333333,213.14690064933387,1827.016393442623,0.0003443624860353,0.5126050420168067,Female,21,Female
G04_D03_F_21_Happy_C2.wav,48000,4.1978333333333335,275.04448221082174,963.9800995024876,0.0017917218777794,0.6017964071856288,Female,21,Child
G04_D03_F_21_Furious_C3.wav,48000,5.217833333333333,250.0682196084986,1117.4545454545455,0.0040042758118502,0.5288461538461539,Female,21,Female
G04_D04_K_21_Neutral_C1.wav,48000,4.86,222.6221907864504,1338.5281385281385,0.0037167693527541,0.5968992248062015,Female,21,Female
G04_D04_K_21_Furious_C3.wav,48000,5.4,268.4223061077918,1885.1141552511417,0.0389361591737673,0.5081206496519721,Female,21,Child
G04_D04_K_21_Shocked_C5.wav,48000,6.12,271.6286077562416,2258.6991869918697,0.0173173090107335,0.5040983606557377,Female,21,Child
G04_D05_C_12_Neutral_C1.wav,44100,4.209229024943311,258.11705054614464,2038.638838475499,0.0001376756566914,0.5223880597014925,Child,12,Child
G04_D05_C_12_Happy_C2.wav,44100,4.717165532879819,322.33351138199953,1405.9709618874776,0.0002539023771991,0.5585106382978723,Child,12,Child
G04_D05_C_12_Furious_C3.wav,44100,4.615578231292517,331.62036512966887,2017.510715526895,0.0003708846547269,0.5108695652173914,Child,12,Child
G04_D06_C_13_Neutral_C1.wav,48000,4.1978333333333335,205.88574827488011,1278.6363636363635,0.0191526091265294,0.5269461077844312,Child,13,Female
G04_D06_C_13_Happy_C2.wav,48000,4.717833333333333,283.5517465271468,1585.2830188679245,0.0280003232738506,0.5638297872340425,Child,13,Child
G04_D06_C_13_Furious_C3.wav,48000,4.677833333333333,276.3401642638272,1893.8248847926268,0.0314924713635041,0.5817694369973191,Child,13,Child
G05_D01_C_9_Neutral_C1.wav,48000,4.357833333333334,319.77873473995356,1357.7777777777778,0.020574696665059,0.5706051873198847,Child,9,Child
G05_D01_C_9_Happy_C2..wav,48000,4.557833333333333,271.3534285645073,1350.0444444444445,0.0418049053545351,0.6198347107438017,Child,9,Child
G05_D01_C_9_Angry_C3.wav,48000,4.497833333333333,293.3356520384754,1307.6923076923076,0.0426555336553316,0.5810055865921788,Child,9,Child
G05_D02_E_23_Neutral_C1.wav,48000,3.6778333333333335,120.37074592793326,878.9808917197453,0.0043466001616953,0.5358361774744027,Male,23,Male
G05_D02_E_23_Happy_C2.wav,48000,3.4578333333333333,142.63741274552837,813.2530120481928,0.0101133444761655,0.6036363636363636,Male,23,Male
G05_D02_E_23_Angry_C3.wav,48000,4.217833333333333,113.4297070099132,972.3560209424083,0.007127081537798,0.5684523809523809,Male,23,Male
G05_D03_K_19_Neutral_C1.wav,48000,4.177833333333333,204.51921021631577,1507.956989247312,0.0030467907319472,0.5585585585585585,Female,19,Female
G05_D03_K_19_Happy_C2.wav,48000,3.6578333333333335,277.9041776026862,1270.909090909091,0.0109750378701948,0.6048109965635738,Female,19,Child
G05_D03_K_19_Angry_C3.wav,48000,3.6978333333333335,253.36538576250356,1142.923976608187,0.0199352503084299,0.5816326530612245,Female,19,Female
G05_D04_K_21_Neutral_C1.wav,48000,4.317833333333334,249.63034952352152,1039.354838709677,0.0156569547547982,0.5406976744186046,Female,21,Female
G05_D04_K_21_Happy_C2.wav,48000,4.237833333333334,315.1174768949082,1141.5841584158416,0.0304385674117815,0.5976331360946746,Female,21,Child
G05_D04_K_21_Angry_C3.wav,48000,3.857833333333333,312.1656713135803,1156.7816091954023,0.0330787551608579,0.5667752442996743,Female,21,Child
G05_D05_E_21_Neutral_C1.wav,48000,4.317833333333334,143.62197805069326,1238.5340314136126,0.0422678150647493,0.5552325581395349,Male,21,Male
G05_D05_E_21_Happy_C2.wav,48000,4.997833333333333,227.97850302353095,659.9111111111112,0.0763773331015198,0.5653266331658291,Male,21,Female
G05_D05_E_21_Angry_C3.wav,48000,4.017833333333333,194.4436336149464,816.3730569948186,0.0633136250276845,0.603125,Male,21,Female
G05_D06_C_9_Neutral_C1.wav,48000,4.557833333333333,243.2222468445445,1115.260663507109,0.0008008540759531,0.581267217630854,Child,9,Female
G05_D06_C_9_Happy_C2.wav,48000,3.517833333333334,322.59547986945546,1428.0459770114942,0.0042406347982043,0.6214285714285714,Child,9,Child
G05_D06_C_9_Angry_C3.wav,48000,3.237833333333333,332.40631062147384,1343.421052631579,0.0037444670259821,0.5891472868217055,Child,9,Child
G07_D01_K_22_Şaşkın_C5.wav,44100,2.9718820861678004,323.9610876700337,1275.7558790593505,0.0412200891473367,0.597457627118644,Male,22,Child
G07_D01_M_22_Neutral_C1.wav,44100,5.82265306122449,118.99836143186629,1299.58481465828,0.0006624556956144,0.4709677419354838,Male,22,Male
G07_D01_M_22_Furious_C3.wav,44100,6.163990929705215,149.25823585920327,1001.5697644991722,0.0070180668173383,0.5101626016260162,Male,22,Male
G07_D02_M_50_Neutral_C1.wav,44100,6.249319727891156,132.4376150046322,611.766806966058,0.0044154566550558,0.5651302605210421,Male,50,Male
G07_D02_M_50_Neutral_C1.wav,44100,6.249319727891156,132.4376150046322,611.766806966058,0.0044154566550558,0.5651302605210421,Male,50,Male
G07_D02_M_50_Sad_C4.wav,44100,6.590657596371882,128.16514996861622,932.9988863223892,0.0025218633774479,0.5019011406844106,Male,50,Male
G07_D03_F_40_Neutral_C1.wav,44100,5.3106575963718825,195.24915050415729,1055.499092558984,0.003465907697064,0.5778301886792453,Female,40,Female
G07_D03_F_40_Furious_C3.wav,44100,5.737324263038548,252.07153856622588,865.6714051504869,0.0032709206417653,0.5873362445414847,Female,40,Female
G07_D03_F_40_Furious_C3.wav,44100,5.737324263038548,252.07153856622588,865.6714051504869,0.0032709206417653,0.5873362445414847,Female,40,Female
G07_D04_F_20_Furious_C3.wav,44100,4.115986394557823,235.62830969939336,951.0642330400424,0.0117181951293539,0.4817073170731707,Female,20,Female
G07_D04_F_20_Neutral_C1.wav,44100,4.627981859410431,231.36385054026883,1337.0888015394578,0.0075476724353386,0.5392953929539296,Female,20,Female
G07_D04_F_20_Furious_C3.wav,44100,4.115986394557823,235.62830969939336,951.0642330400424,0.0117181951293539,0.4817073170731707,Female,20,Female
G07_D05_C_15_Neutral_C1.wav,44100,4.54265306122449,185.27197406022955,1465.6647005444647,0.0195503462186155,0.4640883977900552,Child,15,Female
G07_D05_C_15_Neutral_C1.wav,44100,4.54265306122449,185.27197406022955,1465.6647005444647,0.0195503462186155,0.4640883977900552,Child,15,Female
G07_D05_C_15_Neutral_C1.wav,44100,4.54265306122449,185.27197406022955,1465.6647005444647,0.0195503462186155,0.4640883977900552,Child,15,Female
G07_D06_C_15_Furious_C3.wav,44100,5.3959863945578235,143.88276245029638,2626.2656770593494,0.0061793935666124,0.4674418604651162,Child,15,Male
G07_D06_C_15_Happy_C2.wav,44100,4.883990929705216,172.809754185395,1856.1689027596387,0.0031006879381245,0.5501285347043702,Child,15,Female
G07_D06_C_15_Happy_C2.wav,44100,4.883990929705216,172.809754185395,1856.1689027596387,0.0031006879381245,0.5501285347043702,Child,15,Female
G08_D01_C_7_Furious_C3.wav,48000,4.217833333333333,282.2387381843629,1682.7450980392157,0.0547423132669692,0.6071428571428571,Child,7,Child
G08_D01_C_7_Happy_C2.wav,48000,4.237833333333334,271.59724924439803,1759.5876288659797,0.0562258680088003,0.5739644970414202,Child,7,Child
G08_D01_C_7_Neutral_C1.wav,48000,3.9378333333333337,288.38490543453315,1550.6976744186047,0.0295310162273488,0.5477707006369427,Child,7,Child
G08_D02_C_6_Furious_C3.wav,48000,6.1935,293.2387563182119,1363.7762237762238,0.0254463479930148,0.5789473684210527,Child,6,Child
G08_D02_C_6_Happy_C2.wav,48000,5.7535,309.3425148533806,1527.851851851852,0.0242683802041006,0.5882352941176471,Child,6,Child
G08_D02_C_6_Sad_C4.wav,48000,8.0735,258.0065687483301,1442.7936507936508,0.0116150620295887,0.4891304347826087,Child,6,Child
G08_D03_F_20_Happy_C2.wav,48000,3.5578333333333334,286.52634929541006,1180.4444444444443,0.015342234176618,0.6360424028268551,Female,20,Child
G08_D03_F_20_Neutral_C1.wav,48000,4.217833333333333,235.40851265267625,1059.3617021276596,0.0062351929179742,0.5595238095238095,Female,20,Female
G08_D03_F_20_Shocked_C5.wav,48000,5.1978333333333335,265.0991425025404,1605.8666666666666,0.0036237108199684,0.5434782608695652,Female,20,Child
G08_D04_M_22_Furious_C3.wav,48000,3.5978333333333334,108.28693634207616,875.2941176470588,0.0084915846735239,0.5944055944055944,Male,22,Male
G08_D04_M_22_Sad_C4.wav,48000,3.737833333333333,114.1358600965488,1074.2857142857142,0.0048395035217374,0.4932885906040268,Male,22,Male
G08_D04_M_22_Shocked_C5.wav,48000,4.237833333333334,135.79344886742447,1893.1914893617025,0.0117981098248814,0.5562130177514792,Male,22,Male
G08_D05_F_52_Furious_C3.wav,48000,4.337833333333333,232.22379936098912,1141.063829787234,0.0208691145104508,0.5433526011560693,Female,52,Female
G08_D05_F_52_Happy_C2.wav,48000,4.337833333333333,234.17238830353983,892.1327014218009,0.0211895608393501,0.6098265895953757,Female,52,Female
G08_D05_F_52_Sad_C4.wav,48000,5.177833333333333,192.52084931036123,1064.875621890547,0.02040827558779,0.486682808716707,Female,52,Female
G08_D06_M_49_Furious_C3.wav,48000,4.437833333333334,157.93192262090395,947.0588235294116,0.0248979892421002,0.576271186440678,Male,49,Male
G08_D06_M_49_Sad_C4.wav,48000,5.677833333333333,156.62806250317922,1152.142857142857,0.0060914180091155,0.4944812362030905,Male,49,Male
G08_D06_M_49_Shocked_C5.wav,48000,5.677833333333333,154.96286873686535,1382.2421524663678,0.0112482780503228,0.4922737306843267,Male,49,Male
G09_D01_K_22_Sad_C4.wav,44100,4.57,217.02916025701168,1995.433260281478,0.0795285743975832,0.5824175824175825,Female,22,Female
G09_D01_K_22_Happy_C2.wav,44100,3.69,274.84262292496766,954.3458533890948,0.1225511854189512,0.6258503401360545,Female,22,Child
G09_D01_K_22_Furious_C3.wav,44100,4.3,249.60794202691747,913.5325800597157,0.0505144494193975,0.5422740524781341,Female,22,Female
G09_D02_K_21_Furious_C3.wav,44100,3.84,304.46185363467305,1575.217308243385,0.0802816908775604,0.5588235294117647,Female,21,Child
G09_D02_K_21_Happy_C2.wav,44100,3.72,319.8426103405979,2178.096232479829,0.1056029321097781,0.5608108108108109,Female,21,Child
G09_D02_K_21_Neutral_C1.wav,44100,3.78,190.37693952507945,1734.5446033268984,0.0512354276229518,0.521594684385382,Female,21,Female
G09_D03_E_21_Neutral_C1.wav,44100,7.13,146.50320191178906,1336.433430388176,0.0299177754760782,0.4885764499121265,Male,21,Male
G09_D03_E_21_Happy_C2.wav,44100,6.34,133.48486810361572,978.6838475499092,0.0461261195058777,0.4940711462450592,Male,21,Male
G09_D03_E_21_Furious_C4.wav,44100,7.91,152.3793576298087,1454.5727136431783,0.0324922706387807,0.4731012658227848,Male,21,Male
G09_D04_E_42_Sad_C2.wav,44100,4.48,141.41380206263548,1313.3863377368843,0.0565255644967424,0.4817927170868347,Male,42,Male
G09_D04_E_42_Furious_C3.wav,44100,4.07,184.27372118109605,1517.2398147568688,0.0781068138528442,0.5370370370370371,Male,42,Female
G09_D04_E_42_Shocked_C5.wav,44100,3.83,164.91893629734207,1399.511103407492,0.0668770616961117,0.5836065573770491,Male,42,Male
G09_D05_C_11_Shocked_C5.wav,44100,3.97,263.3125549886156,2291.425935767214,0.0370213182315485,0.5727848101265823,Child,11,Child
G09_D05_C_11_Sad_C4.wav,44100,3.95,279.8828149404237,1933.7658802177857,0.0677030770690673,0.5714285714285714,Child,11,Child
G09_D05_C_11_Furious_C3.wav,44100,3.92,273.72175503209036,2478.6098003629763,0.0561790126625478,0.5608974358974359,Child,11,Child
G09_D06_C_12_Shocked_C5..wav,44100,4.31,331.7223263151597,2813.942831215971,0.0517362811820693,0.5247813411078717,Child,12,Child
G09_D06_C_12_Sad_C4.wav,44100,3.59,290.6643681959171,2159.099989037625,0.0896190213210969,0.5209790209790209,Child,12,Child
G09_D06_C_12_Furious_C3.wav,44100,3.04,315.86411061197464,2638.469311994721,0.0706683430139075,0.5454545454545454,Child,12,Child
G10_D01_C_11_furious_C3.wav,48000,4.797833333333333,262.72329114861896,1555.0710900473937,0.037381390464061,0.5523560209424084,Child,11,Child
G10_D01_C_11_happy_C2.wav,48000,3.9178333333333337,283.4846164234561,1360.6486486486488,0.0248913318445016,0.592948717948718,Child,11,Child
G10_D01_C_11_sad_C4.wav,48000,6.1978333333333335,320.8991904562066,1670.896551724138,0.0160919400674515,0.5870445344129555,Child,11,Child
G10_D02_M_25_neutral_C1.wav,48000,4.8135,119.58229946623226,813.8,0.0147654458700368,0.5208333333333334,Male,25,Male
G10_D02_M_25_sad_C4.wav,48000,6.7935,121.99674395662905,732.1875,0.0147769423612893,0.4723247232472324,Male,25,Male
G10_D02_M_25_shocked_C5.wav,48000,6.2935,149.91838470055765,1066.190476190476,0.0284741432158148,0.50199203187251,Male,25,Male
G10_D03_M_23_happy_C2.wav,48000,4.8535,126.04185405794344,1192.258064516129,0.02437250590586,0.4806201550387597,Male,23,Male
G10_D03_M_23_neutral_C1.wav,48000,6.6335,137.5907784011144,1303.1836734693877,0.0139653439750787,0.4631379962192816,Male,23,Male
G10_D03_M_23_shocked_C5.wav,48000,6.4935,158.35082526421152,1445.2320675105486,0.0161385275568124,0.4575289575289575,Male,23,Male
G10_D04_F_17_furious_C3.wav,48000,3.857833333333333,310.3857411036213,1214.863387978142,0.0235336889855848,0.5960912052117264,Female,17,Child
G10_D04_F_17_neutral_C1.wav,48000,4.997833333333333,231.3584849843031,1181.8009478672986,0.0058725478418912,0.5301507537688442,Female,17,Female
G10_D04_F_17_sad_C4.wav,48000,4.1178333333333335,240.01712892319463,967.5675675675676,0.0125794809315655,0.5640243902439024,Female,17,Female
G10_D05_C_11_happy_C2.wav,48000,4.842666666666666,313.6168649949104,1698.392857142857,0.0243190125375986,0.5803108808290155,Child,11,Child
G10_D05_C_11_neutral_C1.wav,48000,5.354666666666667,324.99770039679356,1850.2564102564104,0.0242467449246733,0.5480093676814989,Child,11,Child
G10_D05_C_11_sad_C4.wav,48000,5.013333333333334,323.22444531429477,1889.1629955947135,0.0174292077165693,0.5675,Child,11,Child
G10_D06_F_30_furious_C3.wav,48000,4.48,240.1621609591028,1286.4077669902913,0.0289746154444503,0.5770308123249299,Female,30,Female
G10_D06_F_30_happy_C2.wav,48000,4.245333333333333,239.44563357431332,1077.2682926829268,0.0361223219797863,0.606508875739645,Female,30,Female
G10_D06_F_30_neutral_C1.wav,48000,4.096,215.2180384857423,1415.764705882353,0.0286262863374808,0.5214723926380368,Female,30,Female
G11_D01_C_11_Furious_C3.wav,48000,5.1535,334.8519696854031,1283.3170731707316,0.0400995862035731,0.4987834549878345,Child,11,Child
G11_D01_C_11_Neutral_C1.wav,48000,5.6935,246.74492726399697,1005.6692913385826,0.0298744479755521,0.5594713656387665,Child,11,Female
G11_D01_C_11_Shocked_C5.wav,48000,6.6535,300.1814460775393,1470.0787401574803,0.0243875391248325,0.4783427495291902,Child,11,Child
G11_D02_C_16_Furious_C3.wav,48000,5.5535,306.93401354406785,1781.9298245614036,0.0308822930412508,0.5146726862302483,Child,16,Child
G11_D02_C_16_Happy_C2.wav,48000,5.6735,338.3086645868094,1398.6831275720165,0.0574956670677384,0.5376106194690266,Child,16,Child
G11_D02_C_16_Neutral_C1.wav,48000,4.9935,282.26431957191335,1341.834862385321,0.0229557691480315,0.5477386934673367,Child,16,Child
G11_D03_M_21_Furious_C3.wav,48000,5.1535,143.65220231080835,870.7981220657277,0.035052199467247,0.5182481751824818,Male,21,Male
G11_D03_M_21_Sad_C4.wav,48000,6.3935,132.54191043251228,1029.12,0.0168429705179622,0.4901960784313725,Male,21,Male
G11_D03_M_21_Shocked_C5.wav,48000,5.4335,140.6167355342381,1198.7330316742082,0.0318782435885741,0.5103926096997691,Male,21,Male
G11_D04_F_24_Furious_C3.wav,48000,3.9778333333333338,233.9771388337932,749.4300518134716,0.0022550377800468,0.6088328075709779,Female,24,Female
G11_D04_F_24_Happy_C2.wav,48000,4.037833333333333,278.29257389153855,900.2083333333334,0.0037090299014622,0.5962732919254659,Female,24,Child
G11_D04_F_24_Neutral_C1.wav,48000,4.257833333333333,221.71887221175777,934.054054054054,0.0027147682013812,0.5457227138643068,Female,24,Female
G11_D05_F_20_Furious_C3.wav,48000,3.8935,254.79271955913023,1120.860215053763,0.0246493275105739,0.6,Female,20,Female
G11_D05_F_20_Happy_C2.wav,48000,3.6335,289.5784469807484,1230.9392265193371,0.0216042642369454,0.6262975778546713,Female,20,Child
G11_D05_F_20_Sad_C4.wav,48000,4.3135,238.95157944762153,1071.638418079096,0.0160075778032875,0.5145348837209303,Female,20,Female
G11_D06_M_22_Furious_C3.wav,48000,5.1135,161.49731991081603,1379.4652406417113,0.0269097677574693,0.4583333333333333,Male,22,Male
G11_D06_M_22_Neutral_C1.wav,48000,4.5735,134.14384614311905,1141.8181818181818,0.0083929042631239,0.5137362637362637,Male,22,Male
G11_D06_M_22_Shocked_C5.wav,48000,4.9735,168.76590573626615,1679.2118226600985,0.0189622177981292,0.5126262626262627,Male,22,Male
G12_D01_K_23_Happy_C2.wav,44100,3.4848072562358277,306.282392151273,1046.2576257844446,0.0022258031348836,0.5992779783393501,Female,23,Child
G12_D01_K_23_Neutral_C1.wav,44100,3.932403628117914,259.26184425879063,1227.9253032763395,0.0005424438946621,0.5463258785942492,Female,23,Child
G12_D01_K_23_Shocked_C5.wav,44100,4.90156462585034,322.66709449659436,1335.5622188905547,0.0015774181654258,0.5882352941176471,Female,23,Child
G12_D02_K_21_Furious_C3.wav,44100,3.7842403628117913,272.4261584397604,973.402346165935,0.001332806397679,0.5946843853820598,Female,21,Child
G12_D02_K_21_Neutral_C1.wav,44100,3.678730158730158,239.7913144060016,801.0950157142225,0.0006445629799981,0.5597269624573379,Female,21,Female
G12_D02_K_21_Sad_C4.wav,44100,4.283378684807256,221.33280408135568,668.4664246823957,0.0004436043818094,0.5747800586510264,Female,21,Female
G12_D03_E_21_Neutral_C1.wav,44100,4.1289795918367345,117.68477701194104,1773.91183979821,1.71735856796712e-05,0.5379939209726444,Male,21,Male
G12_D03_E_21_Sad_C4.wav,44100,3.8768253968253967,126.96123911845592,2147.7975872744746,2.771460147091533e-05,0.5501618122977346,Male,21,Male
G12_D03_E_21_Shocked_C5.wav,44100,4.179931972789116,135.4891236447797,2525.6859763574826,5.3454782145365815e-05,0.5555555555555556,Male,21,Male
G12_D04_E_61_Furious_C3.wav,44100,5.572789115646258,240.8822379198075,1213.2294627264323,0.17762487375446,0.5955056179775281,Male,61,Female
G12_D04_E_61_Happy_C2.wav,44100,6.989206349206349,316.49895929384235,1051.0210661521903,0.0447355974466867,0.6254480286738351,Male,61,Child
G12_D04_E_61_Neutral_C1.wav,44100,5.05031746031746,136.4891877293475,747.0054446460981,0.0111317699855277,0.5806451612903226,Male,61,Male
G12_D05_C_8_Happy_C2.wav,48000,4.121520833333333,287.23401791953063,901.509433962264,0.0061229870299685,0.6463414634146342,Child,8,Child
G12_D05_C_8_Neutral_C1.wav,44100,3.912562358276644,294.69175769766275,1444.7461227520214,0.0059963717959566,0.5641025641025641,Child,8,Child
G12_D05_C_8_Sad_C4.wav,44100,4.040249433106576,290.8104866792459,1166.423727194575,0.0027116001386767,0.5900621118012422,Child,8,Child
G12_D06_C_9_N_Happy_C2.wav,44100,5.6740589569161,311.0390697683028,1310.48279910133,0.0015423279172561,0.5938189845474614,Child,9,Child
G12_D06_C_9_Neutral_C1.wav,44100,5.257823129251701,302.2566145995916,1412.7522577566324,0.000828970484703,0.5990453460620525,Child,9,Child
G12_D06_C_9_Shocked_C5.wav,44100,6.2371882086167805,291.17557025263915,2148.151918905759,0.0006539041087721,0.5763052208835341,Child,9,Child
G13_D01_M_22_Shocked_C5.wav,48000,5.016,161.22623650354768,1818.1818181818185,0.0009481366311524,0.55,Male,22,Male
G13_D01_M_22_Neutral_C1.wav,48000,5.496,156.89194029623684,889.3548387096774,0.0004614592684365,0.5662100456621004,Male,22,Male
G13_D01_M_22_Furious_C3.wav,48000,5.664,145.19032794613898,716.64,0.0011649194907024,0.5530973451327433,Male,22,Male
G13_D03_F_17_Neutral_C1.wav,48000,5.784,261.0487125406375,811.4509803921569,0.000694085219458,0.5531453362255966,Female,17,Child
G13_D03_F_17_Furious_C3.wav,48000,5.424,269.05709844281665,781.9246861924686,0.0017694112391476,0.5532407407407407,Female,17,Child
G13_D03_F_17_Sad_C4.wav,48000,5.544,251.224787533624,916.198347107438,0.0006442720316781,0.5475113122171946,Female,17,Female
G13_D02_M_22_Neutral_C1.wav,48000,5.824,128.77542108440684,947.007299270073,0.0043683511382841,0.5905172413793104,Male,22,Male
G13_D02_M_22_Sad_C4.wav,48000,5.141333333333334,124.88054382488949,1020.0851063829788,0.0049941322311283,0.573170731707317,Male,22,Male
G13_D02_M_22_Furious_C3.wav,48000,4.224,133.91094092197247,1067.5862068965516,0.0277168890300446,0.6041666666666666,Male,22,Male
G13_D04_F_28_Furious_C3.wav,48000,5.2535,240.15737274654364,1055.159817351598,0.0393583922101471,0.522673031026253,Female,28,Female
G13_D04_F_28_Neutral_C1.wav,48000,4.9735,215.80488464084587,1145.3703703703704,0.0174604866093162,0.5454545454545454,Female,28,Female
G13_D04_F_28_Sad_C4.wav,48000,5.7935,213.26592005966324,1098.9861751152073,0.0188302315824512,0.4696969696969697,Female,28,Female
G13_D05_C_10_Furious_C3.wav,48000,3.9178333333333337,318.3296543803834,1207.391304347826,0.0392583666374717,0.5897435897435898,Child,10,Child
G13_D05_C_10_Neutral_C1.wav,48000,4.097833333333333,290.0286315879695,1133.9303482587063,0.0233992684124714,0.6165644171779141,Child,10,Child
G13_D05_C_10_Shocked_C5.wav,48000,4.977833333333334,360.6501838410483,1513.542600896861,0.0115649317412933,0.5617128463476071,Child,10,Child
G13_D06_C_14_Furious_C3.wav,44100,4.017845804988662,320.1779391191937,1136.677115987461,0.0260843492677099,0.61875,Child,14,Child
G13_D06_C_14_Happy_C2.wav,48000,4.177833333333333,327.37645946004943,1325.1546391752577,0.0443667049219518,0.5825825825825826,Child,14,Child
G13_D06_C_14_Sad_C4.wav,48000,4.597833333333333,275.0078384427575,877.1698113207547,0.0195465097231966,0.5792349726775956,Child,14,Child
G14_D01_F_27_Happy_C2.wav,44100,4.769160997732427,349.9775890490988,1096.4195725336108,0.1000918661880318,0.5421052631578948,Female,27,Child
G14_D01_F_27_Neutral_C1.wav,44100,4.789115646258503,239.9087231013117,1356.343277007383,0.0738956961866315,0.5392670157068062,Female,27,Female
G14_D01_F_27_Shocked_C5.wav,44100,5.327891156462585,325.56501974564026,2583.1810800719004,0.118723043660765,0.4917647058823529,Female,27,Child
G14_D02_F_28_Happy_C2.wav,44100,7.219954648526077,282.25194375057674,944.7008815943992,0.026312416772307,0.5607638888888888,Female,28,Child
G14_D02_F_28_Neutral_C1.wav,44100,6.699954648526077,161.62573026289792,961.9068271591758,0.0130281111448846,0.508411214953271,Female,28,Male
G14_D02_F_28_Shocked_C5.wav,44100,8.279954648526077,230.91852572664385,1293.2777386467048,0.0348774762042214,0.5340393343419062,Female,28,Female
G14_D03_C_16_Happy_C2.wav,44100,5.668934240362812,310.9754798290303,1383.7942377495465,0.0523817107401432,0.5309734513274337,Child,16,Child
G14_D03_C_16_Neutral_C1.wav,44100,4.591746031746032,242.68079450778123,1599.3380401372176,0.0230492664475453,0.4726775956284153,Child,16,Female
G14_D03_C_16_Shocked_C5.wav,44100,5.215419501133787,302.8647868996166,3684.9247562066366,0.0234222873914811,0.5024038461538461,Child,16,Child
G14_D04_C_16_Happy_C2.wav,44100,4.409977324263038,191.76343022185677,1001.033693679476,0.0310302577895888,0.5897435897435898,Child,16,Female
G14_D04_C_16_Neutral_C1.wav,44100,5.2680272108843536,144.41937709030097,1230.4725673600446,0.0158544637329332,0.5571428571428572,Child,16,Male
G14_D04_C_16_Shocked_C5.wav,44100,6.405442176870748,170.10909997470787,887.2570479231215,0.0064596122363876,0.9021526418786692,Child,16,Female
G14_D05_M_21_Furious_C3.wav,44100,4.530793650793651,162.73425880520566,1707.9569040719534,0.0434277221071746,0.5013850415512465,Male,21,Male
G14_D05_M_21_Neutral_C1.wav,44100,4.49015873015873,144.11346224955832,1694.177425342353,0.0318706416819836,0.4916201117318435,Male,21,Male
G14_D05_M_21_Shocked_C5.wav,44100,5.74984126984127,181.7064846243288,2219.105944765174,0.025443613451959,0.4814814814814814,Male,21,Female
G14_D06_M_25_Happy_C2.wav,44100,4.7746031746031745,130.6283276813633,605.1524943561594,0.0216098685414661,0.6456692913385826,Male,25,Male
G14_D06_M_25_Neutral_C1.wav,44100,4.46984126984127,118.627855280603,1376.6671195784038,0.0157622905026133,0.5252808988764045,Male,25,Male
G14_D06_M_25_Shocked_C5.wav,44100,4.8152380952380955,132.3541926639131,1199.204143835914,0.0391723085834206,0.5442708333333334,Male,25,Male
G15_D01_E_21_Notr_C1.wav,44100,5.253492063492064,122.14781756951948,756.8949871706616,0.0291367216008097,0.5536992840095465,Male,21,Male
G15_D01_E_21_Ofkeli_C3.wav,44100,4.773492063492063,125.94081301885096,788.3000894415549,0.0389635113570282,0.5485564304461942,Male,21,Male
G15_D01_E_21_Mutsuz_C4.wav,44100,5.993492063492064,128.67130330691722,781.9313808917773,0.0280157656474892,0.50418410041841,Male,21,Male
G15_D02_C_16_Notr_C1.wav,44100,4.539501133786848,159.9979000604467,678.2984859408797,0.0133645497063971,0.6049723756906077,Child,16,Male
G15_D02_C_16_Ofkeli_C3.wav,44100,4.876190476190477,163.5468175803008,499.0973157309291,0.0104079229134417,0.6375321336760925,Child,16,Male
G15_D02_C_16_Saskin_C5.wav,44100,4.620770975056689,212.96260998521035,1296.1630502866872,0.0134486957415003,0.6141304347826086,Child,16,Female
G15_D03_K_20_Ofkeli_C3.wav,44100,4.277823129251701,235.16217841730992,518.7740844790295,0.0647040627940809,0.6422287390029325,Female,20,Female
G15_D03_K_20_Saskin_C5.wav,44100,4.337823129251701,246.53527299384243,714.4292673607795,0.1062527276973394,0.5491329479768786,Female,20,Female
G15_D03_K_20_Mutsuz_C4.wav,44100,4.397823129251701,221.8929254233127,689.0930016378203,0.0522363614426007,0.5857142857142857,Female,20,Female
G15_D04_C_10_Notr_C1.wav,44100,4.8,318.60178195564447,1932.9455848300895,0.0188820153079408,0.6057441253263708,Child,10,Child
G15_D04_C_10_Ofkeli_C3.wav,44100,4.4373242630385485,273.21750949976064,2491.7461573528535,0.0505143814632569,0.596045197740113,Child,10,Child
G15_D04_C_10_Saskin_C5.wav,44100,5.226666666666667,328.52879351661977,2441.9621666899343,0.0303113645160118,0.5611510791366906,Child,10,Child
G15_D05_E_22_Notr_C1.wav,44100,4.415986394557823,192.5464239279329,922.5236412264784,0.0390619378753646,0.5397727272727273,Male,22,Female
G15_D05_E_22_Ofkeli_C3.wav,44100,5.255986394557823,191.31631915961069,731.735361543605,0.037263689391282,0.5441527446300716,Male,22,Female
G15_D05_E_22_Saskin_C5.wav,44100,4.68,202.84377074306295,1025.7058144161806,0.0332875385739755,0.5013404825737265,Male,22,Female
G15_D06_K_44_Notr_C1.wav,44100,3.705079365079365,196.06446747080415,663.2893172288628,0.0678209512794803,0.5898305084745763,Female,44,Female
G15_D06_K_44_Saskin_C5.wav,44100,4.547278911564626,264.9750940766617,1294.3183357260884,0.0688928624973152,0.5552486187845304,Female,44,Child
G15_D06_K_44_Uzgun_C4.wav,44100,4.613673469387755,195.87949914182036,702.265390360246,0.064255677026108,0.6141304347826086,Female,44,Female
G16_D01_C_07_Happy_C2.wav,44100,5.2078231292517,326.83113627631786,1485.9119782214157,0.0179820454007652,0.6072289156626506,Child,7,Child
G16_D01_C_07_Neutral_C1.wav,44100,4.8769614512471655,308.57444472093823,1977.7295086679096,0.0234442673584831,0.5681233933161953,Child,7,Child
G16_D01_C_07_Shocked_C5.wav,44100,8.493242630385488,334.8213790336793,3771.003134796238,0.0148722093954799,0.584070796460177,Child,7,Child
G16_D02_F_21_Furious_C3.wav,44100,4.422675736961451,270.09800804846685,2592.3756805807625,0.042496095232652,0.5681818181818182,Female,21,Child
G16_D02_F_21_Neutral_C1.wav,44100,3.767165532879819,226.3475188852265,1249.6062628810485,0.0045356274870999,0.59,Female,21,Female
G16_D02_F_21_Shocked_C5.wav,44100,4.553628117913832,275.1238716760058,2143.1941923774957,0.0206332306553154,0.5702479338842975,Female,21,Child
G16_D03_F_19_Furious_C3.wav,44100,4.010657596371882,292.0869991266968,982.3402426210718,0.0766827963224989,0.5956112852664577,Female,19,Child
G16_D03_F_19_Happy_C2.wav,44100,3.4960090702947846,296.9170452671131,826.8156510504784,0.0846821152994129,0.6366906474820144,Female,19,Child
G16_D03_F_19_Neutral_C1.wav,44100,3.7372108843537415,234.58089428131703,1119.13611615245,0.0080682229692836,0.587248322147651,Female,19,Female
G16_D04_M_46_Furious_C3.wav,44100,3.910521541950114,161.85548151812466,1013.3696309739868,0.0282977202247724,0.6077170418006431,Male,46,Male
G16_D04_M_46_Neutral_C1.wav,44100,3.5723582766439907,133.70315471264615,1008.2148160369576,0.0240985183591779,0.5809859154929577,Male,46,Male
G16_D04_M_46_Shocked_C5.wav,44100,3.8303401360544216,187.84569252084952,1380.5104749116165,0.0171432399969733,0.5672131147540984,Male,46,Female
G16_D05_M_17_Furious_C3.wav,44100,4.243650793650794,173.64809233272302,1930.7185412529336,0.0213029995158386,0.5650887573964497,Male,17,Female
G16_D05_M_17_Sad_C4.wav,44100,4.759637188208616,164.2649597854908,2148.123526948124,0.0111845813599777,0.58311345646438,Male,17,Male
G16_D05_M_17_Shocked_C5.wav,44100,4.264716553287982,178.0382868536423,2590.479633529703,0.0178025083541661,0.55,Male,17,Female
G16_D06_C_09_Furious_C3.wav,44100,4.320702947845805,292.729835332766,1262.050190875524,0.0450595614747127,0.5901162790697675,Child,9,Child
G16_D06_C_09_Happy_C2.wav,44100,4.167573696145125,273.9554466311537,1300.894543377523,0.0453693916040146,0.5933734939759037,Child,9,Child
G16_D06_C_09_Neutral_C1.wav,44100,4.117936507936508,319.2519461058992,1296.0044237749546,0.021140521784362,0.5853658536585366,Child,9,Child
G17_D01_K_24_Mutlu_C2_.wav,44100,8.077845804988662,239.20654643867312,2426.851248943628,0.0635304199619971,0.6093023255813953,Female,24,Female
G17_D01_K_24_Notr_C1_.wav,44100,4.416213151927438,237.67007429396435,1457.8987476311277,0.0016965299483982,0.5142045454545454,Female,24,Female
G17_D01_K_24_Ofkeli_C3_.wav,44100,4.5840589569161,249.903881773902,1514.613601163045,0.0036777394282614,0.5232876712328767,Female,24,Female
G17_D02_K_33_Notr_C1_.wav,44100,4.938843537414966,201.50305811499993,1266.3871331122098,0.0015570771321777,0.5152284263959391,Female,33,Female
G17_D02_K_33_Şaşkın_C5_.wav,44100,6.19639455782313,216.1493980521632,1776.1085216960898,0.0026729216945742,0.5344129554655871,Female,33,Female
G17_D02_K_33_Uzgun_C4_.wav,44100,3.995827664399093,200.1894724156681,1397.9179270014115,0.0008276168493464,0.5094339622641509,Female,33,Female
G17_D03_C_4_Mutlu_C2_.wav,44100,7.677845804988662,332.79912384156836,2144.6507916640594,0.0016188867349201,0.567699836867863,Child,4,Child
G17_D03_C_4_Saskın_C5_.wav,44100,8.077845804988662,318.28979055531187,3603.276367681262,0.0013977198116876,0.5286821705426357,Child,4,Child
G17_D03_C_4_Uzgun_C4_.wav,44100,7.457845804988662,277.43284855636415,4210.008989602591,0.0005086078235515,0.5394957983193277,Child,4,Child
G17_D04_E_23_OFKELİ_C3_.wav,44100,3.349705215419501,200.08538143761737,1370.8034977726447,0.0145630096455634,0.6179775280898876,Male,23,Female
G17_D04_E_23_ŞAŞIRMA_C5_.wav,44100,5.196371882086168,182.4728941306202,2654.1069024061826,0.0072470058376938,0.5241545893719807,Male,23,Female
G17_D04_E_23_UZGUN_C4_.wav,44100,5.498616780045351,134.99202182735507,1598.6380493963543,0.0035385492778147,0.5239179954441914,Male,23,Male
G17_D05_E_22_MUTLU_C2_.wav,44100,4.777551020408163,148.7951097953493,997.556478964614,0.0111494073256748,0.5800524934383202,Male,22,Male
G17_D05_E_22_Notr_C1_.wav,44100,4.94718820861678,133.3024620664762,1139.4839088980343,0.0041143115708505,0.5406091370558376,Male,22,Male
G17_D05_E_22_Uzgun_C4_.wav,44100,5.173990929705216,143.01952353936156,1533.3559499825174,0.0017246378796557,0.5278450363196125,Male,22,Male
G17_D06_C_8_MUTLU_C2_.wav,44100,4.271927437641724,335.21877508818443,2015.6199957296897,0.0238733237273141,0.6,Child,8,Child
G17_D06_C_8_Notr_C1_.wav,44100,3.85843537414966,243.28498486297045,1433.3329644548714,0.0138518153284762,0.5342019543973942,Child,8,Female
G17_D06_C_8_OFKELİ_C3_.wav,44100,4.385850340136054,340.01733879847694,1581.5953255721306,0.0292107422900312,0.5857142857142857,Child,8,Child
G19_D01_M_20_Neutral_C1.wav,44100,3.3436734693877552,143.54498911789156,1907.4489071253847,0.0317536420249472,0.6052631578947368,Male,19,Male
G19_D01_M_20_Furious_C3.wav,44100,3.274013605442177,172.43488286335773,4480.442542757899,0.1209490477549491,0.578544061302682,Male,19,Female
G19_D01_M_20_Sad_C4.wav,44100,3.6919727891156464,144.48930426890513,2284.389297629786,0.0334522213563728,0.5680272108843537,Male,19,Male
G19_D02_M_29_Neutral_C1.wav,44100,4.133151927437642,130.46530957897542,1586.2138768672348,0.0449338621941136,0.5531914893617021,Male,29,Male
G19_D02_M_29_Furious_C3.wav,44100,4.6439909297052155,163.40731978297111,1369.3881610024116,0.0462201312201004,0.5918918918918918,Male,29,Male
G19_D02_M_29_Sad_C4.wav,44100,4.9458503401360545,130.48825052430456,2271.735659796221,0.0591693205988956,0.6116751269035533,Male,29,Male
G19_D03_F_21_Neutral_C1.wav,44100,3.6983219954648527,199.1359230650397,1043.2159709618877,0.0517513874598911,0.5932203389830508,Female,21,Female
G19_D03_F_21_Furious_C3.wav,44100,3.8071655328798184,264.8717290828069,1345.7214156079854,0.060898834117167,0.594059405940594,Female,21,Child
G19_D03_F_21_Shocked_C5.wav,44100,4.939138321995465,290.57165563744707,1580.80908611908,0.05641946200918,0.550761421319797,Female,21,Child
G19_D04_F_18_Happy_C2.wav,44100,5.831655328798186,284.7400305714301,748.7266553480476,0.0748194764396473,0.6,Female,18,Child
G19_D04_F_18_Furious_C3.wav,44100,5.396281179138322,265.08945822354474,835.8977641557033,0.0667212969273387,0.5604651162790698,Female,18,Child
G19_D04_F_18_Shocked_C5.wav,44100,6.288798185941043,276.4460608326534,1302.4227289729986,0.0556154916400044,0.5219123505976095,Female,18,Child
G19_D05_C_08_Happy_C2.wav,44100,7.355464852607709,260.83202073794155,3822.965442730094,0.0276630221384134,0.5809199318568995,Child,8,Child
G19_D05_C_08_Sad_C4.wav,44100,6.81124716553288,267.43703476789443,3723.321234119782,0.0207565987668087,0.5404411764705882,Child,8,Child
G19_D05_C_08_Shocked_C5.wav,44100,7.5731519274376415,258.77997429120836,3267.9416870512114,0.0239602130820321,0.5322314049586777,Child,8,Child
G19_D06_C_10_Happy_C2.wav,44100,4.960907029478458,280.9107954520904,2128.671806057377,0.0583369381494178,0.5505050505050505,Child,10,Child
G19_D06_C_10_Furious_C3.wav,44100,5.069750566893424,287.50538461190024,3524.5477431063755,0.035276161305018,0.5371287128712872,Child,10,Child
G19_D06_C_10_Shocked_C5.wav,44100,5.505124716553288,265.0226353601495,2025.610002016536,0.0539249763891342,0.5535307517084282,Child,10,Child
G01_D01_E_21_Ofkeli_C3.wav,48000,4.181395833333333,117.6659047042973,1026.8783068783068,0.0092594500435302,0.5675675675675675,Male,21,Male
G01_D01_E_21_Ofkeli_C3.wav,48000,4.181395833333333,117.6659047042973,1026.8783068783068,0.0092594500435302,0.5675675675675675,Male,21,Male
G18_D01_C_Notr_11_C1.wav,44100,4.249569160997733,271.90911125794474,1301.1841656034933,0.0258180213333133,0.5958702064896755,Male,21,Child
G18_D02_E_53_Notr_C1.wav,44100,3.188956916099773,108.67980479285411,1121.568250381606,0.0191204689427082,0.594488188976378,Female,58,Male
G18_D02_E_53_Ofkeli_C3.wav,44100,3.0755102040816324,144.4698005566088,1497.6236388384757,0.0386417938963879,0.5877551020408164,Female,58,Male
G01_D02_K_58_Saskin_C5.wav,48000,5.650083333333333,236.99432568203844,1124.3122676579926,0.0064194760719935,0.5964523281596452,Female,58,Female
G01_D03_C_7_Notr_C1.wav,48000,4.597833333333333,292.93522935292134,1629.7584541062802,0.0008326302905043,0.5655737704918032,Child,7,Child
G01_D03_C_7_Mutlu_C2.wav,48000,4.6978333333333335,308.3268645874021,2689.400921658986,0.0053433405199358,0.5802139037433155,Child,7,Child
G01_D03_C_7_Saskin_C5.wav,48000,5.957833333333333,256.4986264767663,2145.0,0.0043835887647318,0.5557894736842105,Child,7,Child
G01_D04_C_10_Notr_C1.wav,48000,3.5778333333333334,342.3502818822709,1421.4117647058824,0.007975007382678,0.5964912280701754,Child,10,Child
G01_D04_C_10_Uzgun_C4.wav,48000,4.297833333333333,337.5977200213599,1197.31843575419,0.0031139315373404,0.5233918128654971,Child,10,Child
G01_D04_C_10_Ofkeli_C3.wav,48000,3.6378333333333335,280.4854982347137,5369.308176100629,0.0259835258807276,0.5482758620689655,Child,10,Child
G01_D05_E_20_Notr_C1.wav,48000,4.2535,156.1770926135478,1111.5217391304348,0.0141969038450253,0.5427728613569321,Male,20,Male
G01_D05_E_20_Ofkeli_C3.wav,48000,4.0335,206.30609628384315,1275.7894736842106,0.0347292009466572,0.5919003115264797,Male,20,Female
G1_D05_E_20_Saskin_C5.wav,48000,4.8135,214.1252409695462,1322.654028436019,0.0272416246163336,0.5494791666666666,Male,20,Female
G01_D06_K_19_Notr_C1.wav,48000,5.1135,238.82331477597864,1195.1569506726455,0.0128680908526273,0.5465686274509803,Female,19,Female
G01_D06_K_19_Mutlu_C2.wav,48000,5.1935,298.03605657236574,1671.7543859649122,0.0258582911304911,0.5507246376811594,Female,19,Child
G01_D06_K_19_Ofkeli_C3.wav,48000,5.8935,292.96618851726583,1762.1238938053098,0.0247343014637225,0.4808510638297872,Female,19,Child
G03_D01_E_18_Notr_C1.wav,44100,4.135124716553288,134.91940417347143,1203.8151786960773,0.0301062600432569,0.6322188449848024,Male,18,Male
G03_D01_E_18_Ofkeli_C3.wav,44100,3.591292517006803,164.3748196454938,1048.5202121080008,0.0472264635533767,0.6258741258741258,Male,18,Male
G03_D01_E_18_Uzgun_C4.wav,44100,4.757936507936508,124.04638247956778,836.9897566827648,0.0161710396849528,0.6226912928759895,Male,18,Male
G03_D02_E_20_Notr_C1.wav,44100,2.871451247165533,140.20222238513514,608.4060023903324,0.0098972161723493,0.5394736842105263,Male,20,Male
G03_D02_E_20_Ofkeli_C3.wav,44100,3.0135827664399093,168.40208652849097,1078.974179178353,0.0136936050676076,0.55,Male,20,Male
G03_D02_E_20_Uzgun_C4.wav,44100,3.4614512471655328,150.98453670877657,914.4687791239515,0.0128393399128937,0.5362318840579711,Male,20,Male
G03_D03_C_11_Mutlu_C2.wav,44100,4.621587301587302,268.9227737870529,855.6346797099445,0.0076506866280662,0.6059782608695652,Child,11,Child
G03_D03_C_11_Ofkeli_C3.wav,44100,5.8618820861678005,254.12438743619103,695.2981458267069,0.0073487732232012,0.6217948717948718,Child,11,Female
G03_D03_C_11_Saskin_C5.wav,44100,5.559297052154195,260.03241023411107,1170.759964533603,0.005195564769547,0.5914221218961625,Child,11,Child
G03_D04_C_08_Mutlu_C2.wav,44100,5.5154648526077095,274.23215676510307,1185.1853863653791,0.0176683617958837,0.6454545454545455,Child,8,Child
G03_D04_C_08_Ofkeli_C3.wav,44100,6.42562358276644,280.051017331138,1099.314344732066,0.0199651575746662,0.5925925925925926,Child,8,Child
G03_D04_C_08_Uzgun_C4.wav,44100,5.971678004535147,280.631550860719,1111.8741143127068,0.0150449392007097,0.6134453781512605,Child,8,Child
G03_D05_K_29_Mutlu_C2.wav,44100,4.3323582766439905,241.82586109202975,815.3469408050121,0.0099430829779292,0.6347826086956522,Female,29,Female
G03_D05_K_29_Ofkeli_C3.wav,44100,3.696780045351474,262.5321303476292,1087.00460051492,0.0148616920285109,0.5850340136054422,Female,29,Child
G03_D05_K_29_Saskin_C5.wav,44100,4.485283446712018,276.8528747960199,1049.7371550159585,0.0047804853813279,0.5686274509803921,Female,29,Child
G03_D06_K_48_Mutlu_C2.wav,44100,3.5118367346938775,264.09111054889405,1305.620050897809,0.005253154104832,0.6392857142857142,Female,48,Child
G03_D06_K_48_Notr_C1.wav,44100,3.3846485260770973,195.04749898498852,1296.532052339675,0.001714833783625,0.5315985130111525,Female,48,Female
G03_D06_K_48_Ofkeli_C3.wav,44100,3.380045351473923,287.6734401310456,1494.4959577627455,0.016230253398874,0.6133828996282528,Female,48,Child
G04_D01_E_20_Notr_C1.wav,44100,6.130068027210885,142.25282710721658,1237.2798746597095,0.0132768789858536,0.523517382413088,Male,21,Male
G04_D01_M_20_Happy_C2.wav,44100,4.33984126984127,135.0778398382338,1152.913106989509,0.0002468920055616,0.5924855491329479,Male,21,Male
G04_D01_M_20_Furious_C3.wav,44100,4.121541950113379,170.01971699344548,1847.165400350672,0.0012011279418749,0.5396341463414634,Male,21,Female
G04_D02_K_21_Ofkeli_C3.wav,44100,4.272471655328798,259.3422250570031,1204.467812533362,0.0373768007147376,0.6,Female,21,Child
G04_D02_K_21_Saskin_C5.wav,44100,4.458231292517007,286.8096981084475,2060.7422693005724,0.0191298943607397,0.5859154929577465,Female,21,Child
G04_D02_K_21_Uzgun_C4.wav,44100,4.458231292517007,191.28876560867135,1533.0810616599265,0.0222215353945648,0.5549295774647888,Female,21,Female
G04_D03_K_21_Mutlu_C2.wav,44100,3.5294331065759637,242.6902417045469,1460.4242286751362,0.0328896656051624,0.597864768683274,Female,21,Female
G04_D03_K_21_Notr_C1.wav,44100,4.272471655328798,209.5348528792589,1345.6370041829634,0.0149337994274516,0.55,Female,21,Female
G04_D03_K_21_Ofkeli_C3.wav,44100,3.3436734693877552,255.33805658605672,1190.3384937697172,0.0294721674635403,0.5601503759398496,Female,21,Child
G04_D04_E_13_Mutlu_C2.wav,44100,3.900952380952381,216.39504559014333,2229.03228937178,0.0334422170571527,0.6012861736334405,Male,13,Female
G04_D04_E_13_Mutlu_C2.wav,44100,3.900952380952381,216.39504559014333,2229.03228937178,0.0334422170571527,0.6012861736334405,Male,13,Female
G04_D04_E_13_Uzgun_C4.wav,44100,4.272471655328798,225.73550855606788,1988.8384754990927,0.0223147475946906,0.5558823529411765,Male,13,Female
G04_D05_E_21_Uzgun_C4.wav,44100,3.1579138321995464,133.00177187864253,917.6832636313424,0.0059881866427739,0.6414342629482072,Male,21,Male
G04_D05_E_21_Uzgun_C4.wav,44100,3.1579138321995464,133.00177187864253,917.6832636313424,0.0059881866427739,0.6414342629482072,Male,21,Male
G04_D05_E_21_Uzgun_C4.wav,44100,3.1579138321995464,133.00177187864253,917.6832636313424,0.0059881866427739,0.6414342629482072,Male,21,Male
G05_D01_C_09_Saskin_C5.wav,48000,5.226666666666667,330.4191533518435,2685.0632911392404,0.0251733182150603,0.5683453237410072,Child,9,Child
G05_D01_C_09_Notr_C1.wav,48000,4.8,316.9043372129931,2074.5132743362833,0.0197154317765461,0.5900783289817232,Child,9,Child
G05_D01_C_09_Ofkeli_C3.wav,48000,4.437333333333333,272.0584933544288,2613.3333333333335,0.0504994350438024,0.5779036827195467,Child,9,Child
G05_D02_C_09_Saskin_C5.wav,48000,5.034666666666666,274.08516393192707,2423.5593220338983,0.0126593904685502,0.5885286783042394,Child,9,Child
G05_D02_C_09_Ofkeli_C3.wav,48000,5.269333333333333,311.55835773470545,2543.3469387755104,0.0566497883537188,0.5833333333333334,Child,9,Child
G05_D02_C_09_Notr_C1.wav,48000,5.568,316.3328560225046,1835.4621848739496,0.0148182944757263,0.536036036036036,Child,9,Child
G05_D03_K_19_Mutlu_C2.wav,48000,4.8135,275.60518309382263,1145.391304347826,0.0266774167202521,0.5989583333333334,Female,19,Child
G05_D03_K_19_Ofkeli_C3.wav,48000,3.9135,259.20456855839586,1024.2162162162165,0.04455433511734,0.592948717948718,Female,19,Child
G05_D03_K_19_Saskin_C5.wav,48000,4.5335,285.5614431043407,1705.7142857142858,0.0138741253037639,0.5429362880886427,Female,19,Child
G05_D04_K_25_Mutlu_C2.wav,48000,4.9735,246.19991243398755,835.3968253968254,0.0141397546279051,0.6363636363636364,Female,25,Female
G05_D04_K_25_Ofkeli_C3.wav,48000,4.4535,242.87652920861296,894.4554455445544,0.0266787456492386,0.5690140845070423,Female,25,Female
G05_D04_K_25_Uzgun_C4.wav,48000,5.5335,223.7784083736599,923.04,0.0058688612931718,0.5668934240362812,Female,25,Female
G05_D05_E_20_Mutlu_C2.wav,48000,4.6935,150.45279611472594,532.6582278481013,0.027434178949576,0.6336898395721925,Male,20,Male
G05_D05_E_20_Ofkeli_C3.wav,48000,4.2335,142.65474986427157,495.27638190954775,0.0266592800756994,0.5905044510385756,Male,20,Male
G05_D05_E_20_Notr_C1.wav,48000,4.6535,131.3112227011442,526.5271966527197,0.0209486919741251,0.6442048517520216,Male,20,Male
G05_D06_E_20_Uzgun_C4.wav,48000,4.7535,139.0823753563953,1277.9888268156424,0.0180433572257835,0.4722955145118733,Male,20,Male
G05_D06_E_20_Ofkeli_C3.wav,48000,4.7935,119.83075146393286,901.8556701030928,0.0208746722852651,0.5078534031413613,Male,20,Male
G05_D06_E_20_Notr_C1.wav,48000,4.6335,133.17362086860678,1016.0416666666666,0.0147665266248966,0.5203252032520326,Male,20,Male
G06_D01_E_21_Notr_C1.wav,48000,5.866666666666666,123.46151600934957,1465.8008658008655,0.0049140947063226,0.4935897435897436,Male,21,Male
G06_D01_E_21_Mutlu_C2.wav,48000,5.418666666666667,126.6504981301206,1327.926267281106,0.0083471914924131,0.5023148148148148,Male,21,Male
G06_D01_E_21_Saskin_C5.wav,48000,7.701333333333333,169.84886638422503,2176.3398692810456,0.0062547675880777,0.4975609756097561,Male,21,Male
G06_D02_E_21_Notr_C1.wav,44100,5.270929705215419,166.6907607769678,1329.023784506639,0.0159383211190304,0.5880952380952381,Male,21,Male
G06_D02_E_21_Mutlu_C2.wav,44100,4.899410430839002,179.41613258370535,1285.8233144976582,0.0262921900200733,0.5856777493606138,Male,21,Female
G06_D02_E_21_Ofkeli_C3.wav,44100,4.435011337868481,173.9556573245675,1399.846673759309,0.0245882968773075,0.5750708215297451,Male,21,Female
G06_D03_K_25_Notr_C1.wav,48000,5.424,235.6605171194438,1329.256198347107,0.0090319108967117,0.5601851851851852,Female,25,Female
G06_D03_K_25_Mutlu_C2.wav,48000,6.696,292.0449701500826,1329.1512915129151,0.0222351075836751,0.5074906367041199,Female,25,Child
G06_D03K_25_Ofkeli_C3.wav,48000,4.896,268.32487071008626,1291.26213592233,0.0272579342131668,0.5282051282051282,Female,25,Child
G06_D04_E_22_Notr_C1.wav,44100,5.178049886621316,159.47377589270704,1239.872645347018,0.0197799159838123,0.5617433414043583,Male,22,Male
G06_D04_E_22_Mutlu_C2.wav,44100,4.574331065759637,188.9319062886666,1057.1784751466882,0.0375693181478015,0.5643835616438356,Male,22,Female
G06_D04_E_22_Ofkeli_C3.wav,44100,4.806530612244898,207.74816974354027,1246.8812685070206,0.047434955459834,0.5456919060052219,Male,22,Female
G06_D05_C_10_Notr_C1.wav,48000,4.55,252.35342828237677,1601.6494845360826,0.0149413527589278,0.5344352617079889,Child,10,Female
G06_D05_C_10_Ofkeli_C3.wav,48000,4.8125,262.49955007030843,1259.6190476190477,0.0123816278425473,0.546875,Child,10,Child
G06_D05_C_10_Uzgun_C4.wav,48000,5.1125,259.6949945067015,1602.201834862385,0.0094264504454733,0.5343137254901961,Child,10,Child
G06_D06_E_20_Notr_C1.wav,48000,4.096,147.2650035860393,1137.326203208556,0.0028600546371676,0.5736196319018405,Male,20,Male
G06_D06_E_20_Ofkeli_C3.wav,48000,3.306666666666666,192.97155214505457,1052.121212121212,0.0175745399889319,0.6273764258555133,Male,20,Female
G06_D06_E_20_Uzgun_C4.wav,48000,5.76,165.0467706952066,3063.5114503816794,0.0015728716174811,0.5708061002178649,Male,20,Male
G07_D01_K_22_Şaşkın_C5.wav,44100,2.9718820861678004,323.9610876700337,1275.7558790593505,0.0412200891473367,0.597457627118644,Female,22,Child
G07_D01_K_22_Öfkeli_C3.wav,48000,3.133354166666667,315.9798736312247,1447.948717948718,0.0409248758075583,0.6265060240963856,Female,22,Child
G07_D01_K_22_Nötr_C1.wav,44100,3.371428571428571,271.4759426704581,1662.29233561357,0.0197569196590011,0.582089552238806,Female,22,Child
G07_D02_E_22_Mutlu_C2.wav,44100,3.092108843537415,111.46356498007653,963.2393910319396,0.0140825565683678,0.6382113821138211,Male,22,Male
G07_D02_E_22_Nötr_C1.wav,44100,3.6451473922902498,105.94301043561433,1078.2939002257538,0.0025816013047374,0.5655172413793104,Male,22,Male
G07_D02_E_22_Şaşkın_C5.wav,44100,3.8526530612244896,131.9762800822738,1127.7403625390857,0.0177100695498753,0.5407166123778502,Male,22,Male
G07_D03_C_14_Mutlu_C2.wav,44100,4.051995464852608,322.43050764988647,2553.846379017622,0.0131871135820654,0.5758513931888545,Child,14,Child
G07_D03_C_14_Saskin_C5.wav,44100,4.224195011337868,307.4608618963136,4058.889946743626,0.008877615338154,0.543026706231454,Child,14,Child
G07_D03_C_14_Uzgun_C4.wav,44100,5.0881179138322,296.68191114245207,2285.762365319672,0.01240836069865,0.583743842364532,Child,14,Child
G07_D04_K_42_Mutlu_C2.wav,44100,6.911020408163266,326.3644762376541,1708.749626685658,0.0282013860384528,0.572463768115942,Female,42,Child
G07_D04_K_42_Notr_C1.wav,44100,3.9883219954648528,187.481421346316,1555.9056261343014,0.0201317114529598,0.550314465408805,Female,42,Female
G07_D04_K_42_Ofkeli_C3.wav,44100,3.8780498866213153,318.6688419044148,1593.6639265506565,0.0358420590470363,0.6051779935275081,Female,42,Child
G07_D05_C_11_Notr_C1.wav,44100,4.268843537414966,261.37343841262,1826.1548212934008,0.0135477628442306,0.5852941176470589,Child,11,Child
G07_D05_C_11_Mutlu_C2.wav,44100,4.188299319727891,284.7396770188785,1678.174011972804,0.0409079208002545,0.6017964071856288,Child,11,Child
G07_D05_C_11_Uzgun_C4.wav,44100,4.389659863945578,292.4702313426526,1451.8661721770695,0.0258009824661919,0.5914285714285714,Child,11,Child
G07_D06_C_20_Notr_C1.wav,44100,4.711836734693877,140.02778633812616,1268.0146768720904,0.0099318846296247,0.550531914893617,Male,20,Male
G07_D06_C_20_Ofkeli_C3.wav,44100,4.591020408163265,157.3661615590905,1161.154873100788,0.0213434745945804,0.5218579234972678,Male,20,Male
G07_D06_E_20_Saskin_C5.wav,44100,4.349387755102041,180.11653581639084,2056.0619880951263,0.0224205615356969,0.5561959654178674,Male,20,Female
G09_D01_E_19_Mutlu_C2.wav,44100,3.297233560090703,139.06405478893842,1271.225870318429,0.0117063344650237,0.5877862595419847,Male,19,Male
G09_D01_E_19_Notr_C1.wav,44100,3.332063492063492,135.24768238902993,1105.7646384563952,0.005652259412912,0.5735849056603773,Male,19,Male
G09_D01_E_19_Ofkeli_C3.wav,44100,3.250793650793651,126.5056088307726,1295.4302640139713,0.0128507998723097,0.6138996138996139,Male,19,Male
G09_D02_E_19_Mutlu_C2.wav,44100,3.877732426303855,165.16873916924803,940.0834845735028,0.0229472218361548,0.5663430420711975,Male,19,Male
G09_D02_E_19_Notr_C1.wav,44100,7.22140589569161,148.69834305042605,1933.3149493692808,0.0080455598649592,0.4913194444444444,Male,19,Male
G09_D02_E_19_Ofkeli_C3.wav,44100,4.156371882086168,160.22024702773788,1000.866278743428,0.0394286090050483,0.5861027190332326,Male,19,Male
G09_D03_K_50_Notr_C1.wav,48000,6.457833333333333,217.07522054067744,971.970802919708,0.0003708677902055,0.5320388349514563,Female,50,Female
G09_D03_K_50_Saskin_C5.wav,48000,6.077833333333333,301.10714333799586,842.3791821561339,0.0031824834866315,0.554639175257732,Female,50,Child
G09_D03_K_50_Uzgun_C4.wav,48000,6.6578333333333335,209.5274264392044,912.4723247232472,0.0002116922919751,0.5103578154425612,Female,50,Female
G09_D04_K_25_Notr_C1.wav,48000,5.1335,238.51050691257257,1515.5339805825242,0.0145701251128344,0.5036674816625917,Female,25,Female
G09_D04_K_25_Ofkeli_C3.wav,48000,5.4535,282.37836395872495,1460.3389830508474,0.0279029787437053,0.542528735632184,Female,25,Child
G09_D04_K_25_Saskin_C5.wav,48000,5.3735,289.5463602458289,2455.229357798165,0.0167006329891331,0.5093457943925234,Female,25,Child
G09_D05_C_15_Mutlu_C2.wav,44100,3.4597732426303853,266.16818770531097,1510.561605162331,0.0026584176368319,0.5890909090909091,Child,15,Child
G09_D05_C_15_Notr_C1.wav,44100,3.645532879818594,231.39754539650428,1610.974503120712,0.0007399754262914,0.5655172413793104,Child,15,Female
G09_D05_C_15_Ofkeli_C3.wav,44100,3.308843537414966,278.4070824458581,1327.4441207374157,0.0089093632380478,0.5779467680608364,Child,15,Child
G09_D06_C_12_Mutlu_C2.wav,48000,4.357833333333334,339.36651735100975,1191.3300492610838,0.0009932046735962,0.5850144092219021,Child,12,Child
G09_D06_C_12_Notr_C1.wav,48000,5.417833333333333,231.15809831359869,1529.4222222222222,0.0002870733416277,0.5208333333333334,Child,12,Female
G09_D06_C_12_Ofkeli_C3.wav,48000,4.897833333333334,308.9464412906177,1440.0,0.007765694863039,0.5974358974358974,Child,12,Child
G10_D01_C_7_Notr_C1.wav,44100,6.122675736961451,309.0792196759296,2356.804139532401,0.0173670167223317,0.556237218813906,Child,7,Child
G10_D01_C_7_Mutlu_C2.wav,44100,5.525351473922902,276.76036831866395,3401.861519439484,0.0262093697701609,0.5691609977324263,Child,7,Child
G10_D01_C_7_Ofkeli_C3.wav,44100,5.3546712018140585,288.53707928132803,3574.287658802178,0.0200091516591171,0.5620608899297423,Child,7,Child
G10_D02_C_16_Mutlu_C2.wav,44100,4.542675736961451,295.3319238751438,1537.2426167299125,0.0166167035135886,0.6077348066298343,Child,16,Child
G10_D02_C_16_Ofkeli_C3.wav,44100,4.628004535147392,296.61357606621095,1275.197154785836,0.0233555009928117,0.6043360433604336,Child,16,Child
G10_D02_C_16_Saskin_C5.wav,44100,5.3960090702947845,298.2634000269402,2321.216640385588,0.0119894646052289,0.5674418604651162,Child,16,Child
G10_D03_E_23_Notr_C1.wav,44100,4.969342403628118,120.49525453988328,988.6388384754993,0.009948657969984,0.5303030303030303,Male,23,Male
G10_D03_E_23_Mutlu_C2.wav,44100,4.116009070294784,182.02606551997627,1350.5072117680772,0.0166541538210969,0.5792682926829268,Male,23,Female
G10_D03_E_23_Ofkeli_C3.wav,44100,4.201337868480725,134.0489219085274,1522.2204040343936,0.019053456146845,0.5462686567164179,Male,23,Male
G10_D04_E_24_Notr_C1.wav,44100,3.86,167.31352305994426,1472.284469174174,0.0194188104281222,0.5439739413680782,Male,24,Male
G10_D04_E_24_Mutlu_C2.wav,44100,4.628004535147392,255.88241624691415,1215.060851926978,0.0139557955904107,0.5528455284552846,Male,24,Child
G10_D04_E_24_Ofkeli_C3.wav,44100,4.45734693877551,252.71925312057385,1386.2697193913166,0.0190652570083645,0.5492957746478874,Male,24,Female
G10_D05_K_26_Notr_C1.wav,44100,4.074671201814059,177.31771991822967,1650.7486388384757,0.0137773977099449,0.5046153846153846,Female,26,Female
G10_D05_K_26_Ofkeli_C3.wav,44100,4.586666666666667,290.5806913127428,3107.695099818512,0.0294705531559932,0.4781420765027322,Female,26,Child
G10_D05_K_26_Uzgun_C4.wav,44100,4.75734693877551,197.55383975424968,2784.8584799853184,0.0144683394606376,0.4696569920844327,Female,26,Female
G10_D06_K_27_Notr_C1.wav,44100,4.16,196.73073128329932,2027.064555049732,0.0156475111732922,0.540785498489426,Female,27,Female
G10_D06_K_27_Mutlu_C2.wav,44100,5.269342403628118,346.91612525139004,2211.2780765580515,0.0207474391616111,0.5190476190476191,Female,27,Child
G10_D06_K_27_Ofkeli_C3.wav,44100,5.610680272108843,303.5246001767273,2837.0470112991047,0.0254462864819953,0.484375,Female,27,Child
G11_D01_K_48_Ofkeli_C3.wav,44100,3.7333333333333334,299.9440507971992,1499.37821497224,0.0305657125853042,0.569023569023569,Female,48,Child
G11_D01_K_48_Saskin_C5.wav,44100,4.883990929705216,247.8630498388224,621.6264545745703,0.1325511316845937,0.6118251928020566,Female,48,Female
G11_D01_K_48_Uzgun_C4.wav,44100,4.54265306122449,190.4807447112269,657.3921541253666,0.0319462058304397,0.6464088397790055,Female,48,Female
G11_D02_K_22_Mutlu_C2.wav,44100,4.201315192743764,224.5424231953176,870.2059719891793,0.0450765004252887,0.6328358208955224,Female,22,Female
G11_D02_K_22_Notr_C1.wav,44100,3.603990929705215,186.6275597568004,760.3448275862069,0.0586841459597755,0.5818815331010453,Female,22,Female
G11_D02_K_22_Saskin_C5.wav,44100,4.798662131519275,238.09549211517125,1219.3140388352635,0.0633465934381401,0.5900783289817232,Female,22,Female
G11_D03_E_20_Saskin_C5.wav,44100,4.713333333333333,183.95132145037863,1571.2388957875637,0.0434171131810604,0.5558510638297872,Male,20,Female
G11_D03_E_20_Notr_C1.wav,44100,3.689319727891157,111.62958355745091,1139.4056261343014,0.0465506504466154,0.6122448979591837,Male,20,Male
G11_D03_E_20_Ofkeli_C3.wav,44100,3.603990929705215,210.35137456219584,1013.4773784082734,0.0386730295031605,0.5888501742160279,Male,20,Female
G11_D04_E_52_Notr_C1.wav,44100,3.925328798185941,159.4214260066866,943.6614973320148,0.0293837041694318,0.5335463258785943,Male,52,Male
G11_D04_E_52_Ofkeli_C3.wav,44100,4.330657596371882,169.0670088619625,966.9359816485024,0.02602944592456,0.5710144927536231,Male,52,Male
G11_D04_E_52_Uzgun_C4.wav,44100,4.927981859410431,155.21181582944544,926.1607683000606,0.0193717823443156,0.549618320610687,Male,52,Male
G11_D05_C_10_Ofkeli_C3.wav,44100,4.8,321.24054528182387,1413.1408802177857,0.0388607975169881,0.5430809399477807,Child,10,Child
G11_D05_C_10_Saskin_C5.wav,44100,5.375986394557823,335.2548076001055,2277.346174111586,0.0227696619829366,0.5058275058275058,Child,10,Child
G11_D05_C_10_Mutlu_C2.wav,44100,5.098662131519275,312.6825486849441,1291.813926831598,0.0377250924911897,0.5601965601965602,Child,10,Child
G11_D06_C_15_Ofkeli_C3.wav,44100,4.245328798185941,318.44975795323495,1317.4059736649033,0.0394286274445049,0.5562130177514792,Child,15,Child
G11_D06_C_15_Saskin_C5.wav,44100,4.970657596371882,320.5420876861788,2752.931663402275,0.0212370079846875,0.51010101010101,Child,15,Child
G11_D06_C_15_Uzgun_C4.wav,44100,4.287981859410431,224.8177737453616,1024.4218096411971,0.0611271908809024,0.5467836257309941,Child,15,Female
G13_D01_C_10_Mutlu_C2.wav,48000,4.713333333333333,263.77415995352254,1878.6666666666667,0.0079164373411072,0.5585106382978723,Child,10,Child
G13_D01_C_10_Notr_C1.wav,48000,4.628,289.42955076342224,1933.1400966183576,0.0033276639956135,0.5609756097560976,Child,10,Child
G13_D01_C_10_Ofkeli_C3.wav,48000,5.054666666666667,291.65020280711406,1846.392694063927,0.0112803909066877,0.543424317617866,Child,10,Child
G13_D02_E_42_Mutlu_C2.wav,48000,4.798666666666667,152.6344408784543,897.5652173913044,0.0114747518624948,0.6020942408376964,Male,42,Male
G13_D02_E_42_Notr_C1.wav,48000,4.713333333333333,133.45476322166564,971.6190476190476,0.0086667859510533,0.5585106382978723,Male,42,Male
G13_D02_E_42_Ofkeli_C3.wav,48000,4.798666666666667,171.11021003268894,961.509433962264,0.0156084335827321,0.5549738219895288,Male,42,Female
G13_D03_C_11_Mutlu_C2.wav,44100,4.4117913832199545,301.42281532493035,1346.2986396709905,0.0403363662046395,0.6193181818181818,Child,11,Child
G13_D03_C_11_Notr_C1.wav,44100,3.320453514739229,220.57124456536627,866.4455774190467,0.0175365511687736,0.5757575757575758,Child,11,Female
G13_D03_C_11_Ofkeli_C3.wav,44100,4.806530612244898,339.144802569779,2522.8263819393796,0.0397640885111495,0.5587467362924282,Child,11,Child
G13_D04_K_45_Notr_C1.wav,44100,4.85297052154195,243.63470774126884,1091.7100598741456,0.0169768213865858,0.5529715762273901,Female,45,Female
G13_D04_K_45_Ofkeli_C3.wav,44100,5.166938775510204,285.8719540111684,1121.1510287975862,0.0292665170105646,0.6043689320388349,Female,45,Child
G13_D04_K_45_Uzgun_C4.wav,44100,6.0836281179138325,198.66427378317843,1380.3978939087592,0.0085162150253392,0.5422680412371134,Female,45,Female
G13_D05_K_48_Notr_C1.wav,44100,5.376009070294785,222.5936126423109,1372.505296569949,0.0103909084926358,0.5571095571095571,Female,48,Female
G13_D05_K_48_Ofkeli_C3.wav,44100,5.631995464852608,319.44066851952533,2529.9122927527637,0.0288710278822254,0.5590200445434298,Female,48,Child
G13_D05_K_48_Saskin_C5.wav,44100,6.08,311.4652247003305,2333.68193329791,0.0184842978829197,0.5422680412371134,Female,48,Child
G13_D06_E_47_Notr_C1.wav,44100,5.568004535147392,124.31802083751803,1370.580084493678,0.0083343551489924,0.5427927927927928,Male,47,Male
G13_D06_E_47_Ofkeli_C3.wav,44100,3.84,154.84853315902023,1250.459574966337,0.0327636443686713,0.6078431372549019,Male,47,Male
G13_D06_E_47_Saskin_C5.wav,44100,5.12,144.8453847462788,1780.8981613027731,0.0195197982404763,0.5416666666666666,Male,47,Male
G15_D01_C_05_Notr_C1.wav,44100,4.579546485260771,299.86323133789415,2270.23888912337,0.0275487561156055,0.589041095890411,Child,5,Child
G15_D01_C_05_Mutlu_C2.wav,44100,3.887936507936508,338.27561137923266,2610.462233614609,0.0377368923834755,0.6258064516129033,Child,5,Child
G15_D01_C_05_Uzgun_C4.wav,44100,5.759863945578231,314.81267447972755,3005.7879478984314,0.0073017035071966,0.4923747276688453,Child,5,Child
G15_D02_C_08_Notr_C1.wav,44100,4.080997732426304,310.61488759157425,3617.6406533575314,0.0214995429077282,0.5230769230769231,Child,8,Child
G15_D02_C_08_Mutlu_C2.wav,44100,4.765714285714286,302.4489765952126,2951.28609572315,0.0140226871873118,0.5026315789473684,Child,8,Child
G15_D02_C_08_Uzgun_C4.wav,44100,4.226575963718821,344.8738453920202,3233.8926534863995,0.0256563022331557,0.5014836795252225,Child,8,Child
G15_D03_K_19_Mutlu_C2.wav,44100,4.7,210.8854625485805,1031.7247329743238,0.017721053445968,0.488,Female,19,Female
G15_D03_K_19_Ofkeli_C3.wav,44100,4.88,216.794744572004,998.1846502142312,0.0202194282362741,0.4987146529562982,Female,19,Female
G15_D03_K_19_Saskin_C5.wav,44100,5.3,244.8450804202788,1755.2788034295013,0.0136404234155313,0.4799054373522459,Female,19,Female
G15_D04_K_28_Notr_C1.wav,44100,4.66,180.80891146005231,923.9484359987188,0.0139562792907743,0.5498652291105122,Female,28,Female
G15_D04_K_28_Saskin_C5.wav,44100,5.48,219.42700230103816,1037.543712097738,0.0210715991659134,0.562929061784897,Female,28,Female
G15_D04_K_28_Uzgun_C4.wav,44100,5.92,196.83220824937615,1425.1322998117273,0.0099723132608521,0.4533898305084746,Female,28,Female
G15_D05_E_26_mutlu_C2.wav,44100,6.08,233.56343722540504,1390.6667889691864,0.0432832097306131,0.5711340206185567,Male,26,Female
G15_D05_E_26_notr_C1.wav,44100,6.144013605442177,177.8300012983482,1156.169501200164,0.0178133547529302,0.5061224489795918,Male,26,Female
G15_D05_E_26_ofkeli_C3.wav,44100,5.3120181405895694,256.780849917607,1344.3539765805633,0.04505693095115,0.5165094339622641,Male,26,Child
G15_D06_E_55_mutlu_C2.wav,44100,5.674671201814059,202.38329960466663,1250.3414843824626,0.0342337639524451,0.58719646799117,Male,55,Female
G15_D06_E_55_notr_C1.wav,44100,5.3546712018140585,143.00825927957726,1296.6549977598738,0.0225965847565429,0.5597189695550351,Male,55,Male
G15_D06_E_55_ofkeli_C3.wav,44100,5.184013605442177,243.28523197744565,1195.0581054973366,0.0306925078602391,0.6004842615012107,Male,55,Female
G16_D01_K_21_Mutlu_C2.wav,48000,5.696,278.82454222948564,1049.4941634241245,0.0343361970198602,0.566079295154185,Female,21,Child
G16_D01_K_21_Ofkeli_C3.wav,48000,4.842666666666666,333.3549970831591,1893.0569948186528,0.0303859237469539,0.5,Female,21,Child
G16_D02_F_21_Shocked_C5.wav,44100,4.553628117913832,275.1238716760058,2143.1941923774957,0.0206332306553154,0.5702479338842975,Female,21,Child
G16_D02_E_20_Ofkeli_C3.wav,48000,5.310666666666667,159.94347983454975,1480.568720379147,0.0368474118555138,0.4988179669030733,Male,20,Male
G16_D02_E_20_Notr_C1.wav,48000,5.054666666666667,156.09010978462535,1086.4347826086955,0.0280510968116746,0.5707196029776674,Male,20,Male
G16_D06_K_24_Mutlu_C2.wav,48000,4.16,217.98760448036785,1613.1868131868132,0.054197686997962,0.5498489425981873,Male,20,Female
G16_D03_F_19_Happy_C2.wav,44100,3.4960090702947846,296.9170452671131,826.8156510504784,0.0846821152994129,0.6366906474820144,Female,19,Child
G16_D03_F_19_Furious_C3.wav,44100,4.010657596371882,292.0869991266968,982.3402426210718,0.0766827963224989,0.5956112852664577,Female,19,Child
G16_D03_F_19_Happy_C2.wav,44100,3.4960090702947846,296.9170452671131,826.8156510504784,0.0846821152994129,0.6366906474820144,Female,19,Child
G16_D04_C_09_Mutlu_C2.wav,48000,8.212,309.22075612441165,1852.768361581921,0.0021130315672372,0.5404580152671755,Female,25,Child
G16_D04_C_09_Öfkeli_C3.wav,48000,7.273333333333333,300.0659762779246,1117.4917491749177,0.007136501441677,0.5224137931034483,Female,25,Child
G16_D04_M_46_Shocked_C5.wav,44100,3.8303401360544216,187.84569252084952,1380.5104749116165,0.0171432399969733,0.5672131147540984,Female,25,Female
G16_D05_C_11_Üzgün_C4.wav,48000,6.613333333333333,314.11967907349316,1357.9335793357934,0.0134450866568141,0.5132575757575758,Child,11,Child
G16_D05_C_11_Öfkeli_C3.wav,48000,5.269333333333333,309.6539703335483,1766.4462809917356,0.0250902076627925,0.5761904761904761,Child,11,Child
G16_D05_C_11_Mutlu_C2.wav,48000,6.8693333333333335,283.29164961364023,1440.517799352751,0.0132397352967977,0.5638686131386861,Child,11,Child
G16_D06_K_24_Mutlu_C2.wav,48000,4.16,217.98760448036785,1613.1868131868132,0.054197686997962,0.5498489425981873,Female,24,Female
G16_D06_K_24_Nötr_C1.wav,48000,4.2026666666666666,209.07058066554288,1983.276836158192,0.0331799356120229,0.5283582089552239,Female,24,Female
G16_D06_K_24_Ofkeli_C3.wav,48000,3.8613333333333335,211.6262251742324,1735.3246753246754,0.0462366001378922,0.501628664495114,Female,24,Female
G17_D03_C_09_Uzgun_C4.wav,44100,5.572789115646258,293.5421405556726,1507.7805749077922,0.0022084778376496,0.5573033707865168,Child,9,Child
G17_D03_C_09_Mutlu_C2.wav,44100,5.201269841269841,311.82158704987717,996.772050816697,0.0058753646826354,0.6024096385542169,Child,9,Child
G17_D03_C_09_Ofkeli_C3.wav,44100,5.015510204081632,318.030886998313,1259.8426122544952,0.0094164085424796,0.6175,Child,9,Child
G17_D05_K_66_Uzgun_C4.wav,44100,4.858775510204081,203.3656611378996,1489.1438171383725,0.0051124924070081,0.5736434108527132,Female,66,Female
G17_D05_K_66_Mutlu_C2.wav,44100,4.597551020408163,180.84021531996456,1290.8418260505375,0.0068005134079971,0.639344262295082,Female,66,Female
G17_D05_K_66_Ofkeli_C3.wav,44100,4.022857142857143,217.9939289370621,1308.2075045832682,0.0104726150517826,0.615625,Female,66,Female
G17_D06_E_68_Notr_C1.wav,44100,5.564081632653061,144.2403449496128,820.8373781285612,0.0102012846282677,0.581081081081081,Male,68,Male
G17_D06_E_68_Mutlu_C2.wav,44100,5.015510204081632,129.2021256255592,777.263069363906,0.0265627559444008,0.615,Male,68,Male
G17_D06_E_68_Uzgun_C4.wav,44100,5.69469387755102,132.42802290415435,743.6184919464611,0.0105033151149587,0.5638766519823789,Male,68,Male
G18_D01_C_Notr_11_C1.wav,44100,4.249569160997733,271.90911125794474,1301.1841656034933,0.0258180213333133,0.5958702064896755,Child,11,Child
G18_D01_C_Notr_11_C1.wav,44100,4.249569160997733,271.90911125794474,1301.1841656034933,0.0258180213333133,0.5958702064896755,Child,11,Child
G18_D01_C_11_Ofkeli_C3_.wav,44100,4.557460317460317,328.04194020872984,2068.2964935109408,0.0315647464078064,0.5840220385674931,Child,11,Child
G18_D02_E_53_Notr_C1.wav,44100,3.188956916099773,108.67980479285411,1121.568250381606,0.0191204689427082,0.594488188976378,Male,53,Male
G18_D02_E_53_Mutlu_C2.wav,44100,3.3959410430839,130.0951895848671,1525.6919237749546,0.0421360431015414,0.6222222222222222,Male,53,Male
G18_D02_E_53_Ofkeli_C3.wav,44100,3.0755102040816324,144.4698005566088,1497.6236388384757,0.0386417938963879,0.5877551020408164,Male,53,Male
G18_D03_K_17_Notr_C1.wav,44100,3.4585260770975057,222.005967245565,1243.5369353019082,0.0220531887168471,0.5381818181818182,Female,17,Female
G18_D03_K_17_Mutlu_C2.wav,44100,4.126077097505669,270.4152487386621,1186.652153879428,0.0383573182530926,0.5866261398176292,Female,17,Child
G18_D03_K_17_Ofkeli_C3.wav,44100,4.044399092970521,284.1413835481797,1512.4697110904006,0.0266827639681142,0.5745341614906833,Female,17,Child
G18_D04_K_44_Notr_C1.wav,44100,3.397074829931973,184.27284413226928,1146.402263264653,0.0268065218057075,0.5666666666666667,Female,44,Female
G18_D04_K_44_Mutlu_C2.wav,44100,3.909546485260771,257.1743485056341,930.213532214156,0.0535817556376177,0.617363344051447,Female,44,Child
G18_D04_K_44_Ofkeli_C3.wav,44100,3.621156462585034,231.34127402500496,1046.2576257844446,0.0438621051379317,0.5763888888888888,Female,44,Female
G18_D05_E_18_Notr_C1.wav,44100,2.868299319727891,105.58853355228511,1026.1142128815063,0.0177541958473347,0.5745614035087719,Male,18,Male
G18_D05_E_18_Ofkeli_C3.wav,44100,3.2656009070294783,180.12977616545407,1544.4337568058077,0.0645208006776323,0.5769230769230769,Male,18,Female
G18_D05_E_18_Saskin_C5.wav,44100,3.77702947845805,163.49502397673524,1478.0972394689084,0.0293664883660611,0.5681063122923588,Male,18,Male
G18_D06_C_7_Notr_C1.wav,44100,3.794331065759637,310.23200567433025,1198.3088138377152,0.0216243415023933,0.5927152317880795,Child,7,Child
G18_D06_C_7_Mutlu_C2.wav,44100,4.559138321995465,282.7894567672377,1139.0947953311943,0.0357992337102569,0.581267217630854,Child,7,Child
G18_D06_C_7_Ofkeli_C3.wav,44100,4.167414965986395,279.45585092558065,1106.776449236682,0.0418253555182803,0.6144578313253012,Child,7,Child
G19_D01_C_08_Notr_C1.wav,44100,6.025578231292517,327.8862357564642,1922.2952767856568,0.060766038496691,0.5841995841995842,Child,8,Child
G19_D01_C_08_No_Mutlu_C2.wav,44100,5.61922902494331,312.7753276378475,1962.040893600909,0.034617533089388,0.6205357142857143,Child,8,Child
G19_D01_C_08_No_Ofkeli_C3.wav,44100,6.640907029478458,277.76184957405246,2469.247048411818,0.0471688976358664,0.5339622641509434,Child,8,Child
G19_D02_C_09_Notr_C1.wav,44100,4.284081632653061,255.2325532232347,1374.1014361240434,0.0397264733740066,0.5395894428152492,Child,9,Child
G19_D02_C_09_Ofkeli_C3.wav,44100,3.982222222222222,298.3869752630422,1089.0803014034452,0.0418179224963797,0.6025236593059937,Child,9,Child
G19_D02_C_09_Notr_C1.wav,44100,4.284081632653061,255.2325532232347,1374.1014361240434,0.0397264733740066,0.5395894428152492,Child,9,Child
G19_D03_E_21_Mutlu_C2.wav,44100,3.3436734693877552,141.77096514662713,1057.9156777886362,0.0789136622315859,0.5864661654135338,Male,21,Male
G19_D03_E_21_Saskin_C5.wav,44100,3.93578231292517,157.93312318706091,2402.453184293021,0.0381668232451412,0.5605095541401274,Male,21,Male
G19_D03_E_21_Uzgun_C4.wav,44100,3.2856235827664397,145.6449333202401,1149.321234119782,0.0580914809151411,0.5747126436781609,Male,21,Male
G19_D04_K_19_Notr_C1.wav,44100,3.390113378684807,244.08133579125737,1357.350272232305,0.044110524386084,0.5444444444444444,Female,19,Female
G19_D04_K_19_No_Mutlu_C2.wav,44100,3.599092970521542,312.23079946935707,1295.2159709618877,0.0394815411615903,0.6097560975609756,Female,19,Child
G19_D04_K_19_No_Ofkeli_C3.wav,44100,3.4713832199546486,336.10513686046176,1463.8217594803707,0.0491024333752719,0.5507246376811594,Female,19,Child
G19_D05_K_87_Mutlu_C2.wav,44100,4.46984126984127,283.1929248888346,1382.0553539019963,0.067928981666649,0.6292134831460674,Female,87,Child
G19_D05_K_87_Notr_C1.wav,44100,3.982222222222222,270.82995186625357,1378.0443182483464,0.0508739408931103,0.5867507886435331,Female,87,Child
G19_D05_K_87_Ofkeli_C3.wav,44100,4.051882086167801,305.97152069438556,1754.806525811117,0.0381954571430635,0.5789473684210527,Female,87,Child
G19_D06_E_46_Ofkeli_C3.wav,44100,4.191201814058957,135.29131834145352,1244.294876014406,0.0530773831282808,0.5778443113772455,Male,46,Male
G19_D06_E_46_Saskin_C5.wav,44100,5.2477097505668935,136.51587438689427,1643.0200153103792,0.0353057038170759,0.5035799522673031,Male,46,Male
G19_D06_E_46_Ofkeli_C3.wav,44100,4.191201814058957,135.29131834145352,1244.294876014406,0.0530773831282808,0.5778443113772455,Male,46,Male
G21_D01_C_11_Notr_C1.wav,44100,3.4596825396825395,249.30434839496755,1388.6052130537898,0.0196704749822757,0.5927272727272728,Child,11,Female
G21_D01_C_11_Mutlu_C2.wav,44100,3.596031746031746,337.28393050699236,1631.8511796733214,0.0319816378424827,0.5979020979020979,Child,11,Child
G21_D01_C_11_Ofkeli_C3.wav,44100,3.808639455782313,358.76375340091283,2315.963618434166,0.0412512929050638,0.570957095709571,Child,11,Child
G21_D02_K_21_Notr_C1.wav,44100,4.000068027210884,257.7425145806733,1545.5053787425604,0.0287932377940473,0.5611285266457681,Female,21,Child
G21_D02_K_21_Mutlu_C2.wav,44100,4.352834467120181,294.95721234168104,1454.313398715622,0.0427736247174985,0.5994236311239193,Female,21,Child
G21_D02_K_21_Ofkeli_C3.wav,44100,4.402426303854876,281.9249023725576,1403.2904413345836,0.047406717189627,0.6011396011396012,Female,21,Child
G21_D03_E_50_Notr_C1.wav,44100,4.699206349206349,108.33324792848134,1448.1930087587784,0.0196234408589625,0.552,Male,50,Male
G21_D03_E_50_Mutlu_C2.wav,44100,5.100453514739229,122.31958821856858,1396.0568611769052,0.025936950679164,0.5798525798525799,Male,50,Male
G21_D03_E_50_Ofkeli_C3.wav,44100,3.557777777777778,141.1073410140188,1324.747133814351,0.0365885001804337,0.5795053003533569,Male,50,Male
G12_D01_K_21_Notr_C1.wav,44100,4.504671201814059,224.3120874427794,1989.0270530852997,0.0237382122547029,0.5348189415041783,Female,21,Female
G12_D01_K_21_Mutlu_C2.wav,44100,4.620770975056689,231.4125914201288,1817.5233027328957,0.0376290359839534,0.5597826086956522,Female,21,Female
G12_D01_K_21_Ofkeli_C3.wav,44100,4.121541950113379,239.2984741965268,2103.007799087654,0.0458598888679946,0.5640243902439024,Female,21,Female
G12_D02_K_21_Notr_C1.wav,44100,3.7214739229024945,243.08489341765429,1872.5375350602212,0.0242532846653804,0.5202702702702703,Female,21,Female
G12_D02_K_21_Mutlu_C2.wav,44100,4.214421768707483,287.27265371647695,1712.3863485458812,0.0271499515249932,0.6101190476190477,Female,21,Child
G12_D02_K_21_Saskın_C5.wav,44100,4.017052154195011,292.1430917195261,3760.995607770702,0.0067854666397471,0.528125,Female,21,Child
G12_D03_E_20_Mutlu_C2.wav,44100,4.196666666666666,199.25533746774065,748.1653909887162,0.0333340643887408,0.6197604790419161,Male,20,Female
G12_D03_E_20_Ofkeli_C3.wav,44100,3.2429478458049887,186.8151781428232,1245.8480293120572,0.016164554856918,0.6162790697674418,Male,20,Female
G12_D03_E_20_Uzgun_C4.wav,44100,4.10485260770975,201.48321161118372,673.3580093609706,0.0278856220873006,0.581039755351682,Male,20,Female
G12_D04_E_8_Notr_C1.wav,44100,4.350861678004535,334.80421350914,1680.375601672848,0.0232922643491277,0.5965417867435159,Male,8,Child
G12_D04_E_8_Mutlu_C2.wav,44100,4.575283446712018,285.51312716195656,2343.5156490771496,0.0271339435097828,0.5808219178082191,Male,8,Child
G12_D04_E_8_Saskın_C5 .wav,44100,5.040090702947846,321.51992546479727,1905.8215831355576,0.0245385211015595,0.582089552238806,Male,8,Child
G12_D05_E_8_Saskın_C5.wav,44100,4.595170068027211,314.52547718399296,1573.0943738656988,0.0320149922750039,0.5737704918032787,Male,8,Child
G12_D06_K_8_Notr_C1.wav,44100,3.675192743764173,327.02287500897177,1861.0909457551927,0.0295035987842016,0.552901023890785,Female,8,Child
G12_D07_E_20_Notr_C1.wav,44100,3.578049886621315,138.46199181254707,2667.1070082367723,0.0037092057869037,0.5473684210526316,Male,20,Male
G12_D07_E_20_Mutlu_C2.wav,44100,3.7063945578231294,152.39153482005767,2521.143375680582,0.0122561786541923,0.5898305084745763,Male,20,Male
G12_D07_E_20_Saskın_C5.wav,44100,3.970294784580499,188.32264197627245,3049.804183780686,0.0099323611364928,0.5411392405063291,Male,20,Female
G12_D08_E_13_Notr_C1.wav,44100,4.724897959183673,198.51529961341805,1730.6896551724142,0.0187179093867367,0.5570291777188329,Male,13,Female
G23_D01_K_23_Notr_C1.wav,44100,5.471814058956916,209.1123204253763,1594.3296093540805,0.0010851573771329,0.5596330275229358,Female,23,Female
G23_D01_K_23_Mutlu_C2.wav,44100,4.484965986394558,220.8697105756375,777.5775232504624,0.0016566006991481,0.5854341736694678,Female,23,Female
G23_D01_K_23_Uzgun_C4.wav,44100,5.29766439909297,200.63860076473273,1796.6408900812748,0.000930821436688,0.5437352245862884,Female,23,Female
G23_D02_K_24_Notr_C1.wav,44100,4.006054421768708,211.56644641012983,735.7976125881715,0.0014283643012566,0.6081504702194357,Female,24,Female
G23_D02_K_24_Ofkeli_C3.wav,44100,4.513990929705216,225.94600460567528,1294.171831661131,0.0013978107401297,0.5888888888888889,Female,24,Female
G23_D02_K_24_Ofkeli_C3.wav,44100,4.513990929705216,225.94600460567528,1294.171831661131,0.0013978107401297,0.5888888888888889,Female,24,Female
G23_D03_E_23_Notr_C1.wav,44100,5.1525396825396825,129.48603753197867,1084.7210118566966,0.0015479024067995,0.5523114355231143,Male,22,Male
G23_D03_E_23_Mutlu_C2.wav,44100,6.777936507936508,133.5539679812466,1139.21080696765,0.0015044351449068,0.5378927911275416,Male,22,Male
G23_D03_E_23_Notr_C1.wav,44100,5.1525396825396825,129.48603753197867,1084.7210118566966,0.0015479024067995,0.5523114355231143,Male,22,Male
G23_D04_E_24_Notr_C1.wav,44100,5.457301587301587,128.0515252120906,1026.1915340648086,0.0014057389420267,0.5540229885057472,Male,65,Male
G23_D04_E_24_Notr_C1.wav,44100,5.457301587301587,128.0515252120906,1026.1915340648086,0.0014057389420267,0.5540229885057472,Male,65,Male
G23_D04_E_24_Uzgun_C4.wav,44100,6.676349206349206,139.1052911232202,1384.3012704174228,0.0016748699990067,0.551594746716698,Male,65,Male
G23_D05_C_12_Notr_C1.wav,44100,5.109002267573696,217.655122494244,1452.156550107644,0.0007610448350012,0.6068796068796068,Child,12,Female
G23_D05_C_12_Mutlu_C2.wav,44100,4.7897278911564625,227.7821403352639,877.4211792512556,0.0014362799129112,0.56282722513089,Child,12,Female
G23_D05_C_12_Saskin_C5.wav,44100,5.762063492063492,237.35925927900337,1714.1358764510494,0.0013866170741196,0.5760869565217391,Child,12,Female
G23_D06_C_12_Ofkeli_C3.wav,44100,4.630090702947846,301.86742754648986,2166.9157425819953,0.0014062943267381,0.5663956639566395,Child,9,Child
G23_D06_C_12_Mutlu_C2.wav,44100,4.615578231292517,276.4869568176704,1979.27083423788,0.0012862660766971,0.5679347826086957,Child,9,Child
G23_D06_C_12_Uzgun_C4.wav,44100,4.81875283446712,250.03994386692645,1792.8539019963705,0.0009774570845396,0.5104166666666666,Child,9,Female
